Delivery ID,Supplier ID,Supplier Name,Category,Month,Delivery Date,Scheduled Date,Lead Time Days,On Time,Days Late,Order Quantity,Defective Units,Defect Rate %,Documentation Compliant,Volume % of Total Spend
DEL00165,SUP-003,Great Lakes Dairy Supply,Raw Ingredients,2024-01,2024-01-01,2023-12-27,10,No,2,1497,16,1.13,Yes,12
DEL00263,SUP-004,Ontario Fresh Produce,Raw Ingredients,2024-01,2024-01-01,2024-01-01,18,Yes,0,3491,172,4.95,Yes,10
DEL00084,SUP-002,Maple Packaging Ltd.,Packaging,2024-01,2024-01-03,2024-01-03,8,Yes,0,3279,170,5.19,Yes,14
DEL00351,SUP-005,Westcoast Oils Inc.,Raw Ingredients,2024-01,2024-01-03,2023-12-31,8,Yes,0,2421,29,1.2,Yes,9
DEL00703,SUP-010,EcoBox Solutions,Packaging,2024-01,2024-01-03,2024-01-02,11,Yes,0,653,20,3.21,Yes,6
DEL00640,SUP-009,Northern Flavours Ltd.,Additives,2024-01,2024-01-04,2024-01-03,12,Yes,0,2485,30,1.22,Yes,9
DEL00168,SUP-003,Great Lakes Dairy Supply,Raw Ingredients,2024-01,2024-01-05,2024-01-04,11,Yes,0,6540,152,2.33,No,12
DEL00261,SUP-004,Ontario Fresh Produce,Raw Ingredients,2024-01,2024-01-06,2024-01-02,12,Yes,0,2736,85,3.11,Yes,10
DEL00637,SUP-009,Northern Flavours Ltd.,Additives,2024-01,2024-01-06,2024-01-04,9,No,5,5833,86,1.48,Yes,9
DEL00553,SUP-008,Atlantic Seafood Supply,Raw Ingredients,2024-01,2024-01-07,2024-01-02,9,Yes,0,4992,232,4.65,No,7
DEL00705,SUP-010,EcoBox Solutions,Packaging,2024-01,2024-01-07,2024-01-05,11,Yes,0,2473,34,1.38,Yes,6
DEL00164,SUP-003,Great Lakes Dairy Supply,Raw Ingredients,2024-01,2024-01-08,2024-01-04,9,Yes,0,3438,10,0.29,Yes,12
DEL00262,SUP-004,Ontario Fresh Produce,Raw Ingredients,2024-01,2024-01-08,2024-01-03,13,No,1,5996,151,2.53,Yes,10
DEL00259,SUP-004,Ontario Fresh Produce,Raw Ingredients,2024-01,2024-01-09,2024-01-07,14,Yes,0,6182,280,4.54,Yes,10
DEL00346,SUP-005,Westcoast Oils Inc.,Raw Ingredients,2024-01,2024-01-09,2024-01-07,7,Yes,0,3640,26,0.72,Yes,9
DEL00555,SUP-008,Atlantic Seafood Supply,Raw Ingredients,2024-01,2024-01-09,2024-01-08,18,Yes,0,3705,210,5.69,Yes,7
DEL00003,SUP-001,Prairie Grain Co.,Raw Ingredients,2024-01,2024-01-10,2024-01-06,7,Yes,0,3117,24,0.77,Yes,18
DEL00702,SUP-010,EcoBox Solutions,Packaging,2024-01,2024-01-10,2024-01-08,11,Yes,0,4527,137,3.05,Yes,6
DEL00090,SUP-002,Maple Packaging Ltd.,Packaging,2024-01,2024-01-11,2024-01-09,8,No,12,7261,353,4.86,Yes,14
DEL00265,SUP-004,Ontario Fresh Produce,Raw Ingredients,2024-01,2024-01-11,2024-01-11,19,Yes,0,1380,47,3.41,Yes,10
DEL00414,SUP-006,ClearSeal Packaging,Packaging,2024-01,2024-01-12,2024-01-09,9,Yes,0,1436,34,2.37,Yes,8
DEL00704,SUP-010,EcoBox Solutions,Packaging,2024-01,2024-01-12,2024-01-09,13,Yes,0,2408,62,2.6,Yes,6
DEL00348,SUP-005,Westcoast Oils Inc.,Raw Ingredients,2024-01,2024-01-13,2024-01-11,7,Yes,0,5774,40,0.7,Yes,9
DEL00492,SUP-007,Rocky Mountain Spices,Additives,2024-01,2024-01-13,2024-01-09,6,Yes,0,1682,11,0.71,Yes,7
DEL00088,SUP-002,Maple Packaging Ltd.,Packaging,2024-01,2024-01-14,2024-01-10,19,No,1,6382,457,7.17,No,14
DEL00266,SUP-004,Ontario Fresh Produce,Raw Ingredients,2024-01,2024-01-14,2024-01-13,17,Yes,0,7703,303,3.95,Yes,10
DEL00350,SUP-005,Westcoast Oils Inc.,Raw Ingredients,2024-01,2024-01-14,2024-01-09,6,Yes,0,6170,48,0.78,Yes,9
DEL00085,SUP-002,Maple Packaging Ltd.,Packaging,2024-01,2024-01-15,2024-01-15,16,No,3,2184,143,6.59,Yes,14
DEL00260,SUP-004,Ontario Fresh Produce,Raw Ingredients,2024-01,2024-01-15,2024-01-13,14,Yes,0,4614,129,2.81,Yes,10
DEL00556,SUP-008,Atlantic Seafood Supply,Raw Ingredients,2024-01,2024-01-15,2024-01-10,16,No,7,4160,291,7.02,No,7
DEL00557,SUP-008,Atlantic Seafood Supply,Raw Ingredients,2024-01,2024-01-15,2024-01-10,19,No,6,5502,300,5.46,No,7
DEL00638,SUP-009,Northern Flavours Ltd.,Additives,2024-01,2024-01-15,2024-01-10,10,Yes,0,2427,65,2.68,No,9
DEL00166,SUP-003,Great Lakes Dairy Supply,Raw Ingredients,2024-01,2024-01-16,2024-01-16,9,Yes,0,1517,14,0.94,Yes,12
DEL00267,SUP-004,Ontario Fresh Produce,Raw Ingredients,2024-01,2024-01-16,2024-01-16,7,No,7,3318,127,3.83,Yes,10
DEL00347,SUP-005,Westcoast Oils Inc.,Raw Ingredients,2024-01,2024-01-16,2024-01-12,7,No,6,1339,8,0.6,Yes,9
DEL00554,SUP-008,Atlantic Seafood Supply,Raw Ingredients,2024-01,2024-01-16,2024-01-11,24,Yes,0,981,65,6.66,Yes,7
DEL00004,SUP-001,Prairie Grain Co.,Raw Ingredients,2024-01,2024-01-18,2024-01-13,7,Yes,0,1042,16,1.55,No,18
DEL00639,SUP-009,Northern Flavours Ltd.,Additives,2024-01,2024-01-18,2024-01-13,10,Yes,0,2913,102,3.53,Yes,9
DEL00413,SUP-006,ClearSeal Packaging,Packaging,2024-01,2024-01-19,2024-01-18,14,Yes,0,947,21,2.27,Yes,8
DEL00415,SUP-006,ClearSeal Packaging,Packaging,2024-01,2024-01-19,2024-01-15,12,Yes,0,2774,42,1.53,Yes,8
DEL00002,SUP-001,Prairie Grain Co.,Raw Ingredients,2024-01,2024-01-20,2024-01-16,6,Yes,0,3889,27,0.71,Yes,18
DEL00706,SUP-010,EcoBox Solutions,Packaging,2024-01,2024-01-20,2024-01-20,9,Yes,0,7894,105,1.33,Yes,6
DEL00001,SUP-001,Prairie Grain Co.,Raw Ingredients,2024-01,2024-01-21,2024-01-20,7,Yes,0,5838,76,1.31,Yes,18
DEL00167,SUP-003,Great Lakes Dairy Supply,Raw Ingredients,2024-01,2024-01-21,2024-01-16,7,Yes,0,1273,45,3.58,Yes,12
DEL00416,SUP-006,ClearSeal Packaging,Packaging,2024-01,2024-01-21,2024-01-18,10,Yes,0,4637,135,2.92,Yes,8
DEL00495,SUP-007,Rocky Mountain Spices,Additives,2024-01,2024-01-21,2024-01-16,9,Yes,0,1795,16,0.91,Yes,7
DEL00086,SUP-002,Maple Packaging Ltd.,Packaging,2024-01,2024-01-22,2024-01-21,15,No,1,6976,314,4.5,No,14
DEL00349,SUP-005,Westcoast Oils Inc.,Raw Ingredients,2024-01,2024-01-22,2024-01-17,7,Yes,0,5388,50,0.94,Yes,9
DEL00491,SUP-007,Rocky Mountain Spices,Additives,2024-01,2024-01-22,2024-01-19,6,Yes,0,5806,80,1.38,Yes,7
DEL00641,SUP-009,Northern Flavours Ltd.,Additives,2024-01,2024-01-22,2024-01-18,11,Yes,0,3576,134,3.77,Yes,9
DEL00264,SUP-004,Ontario Fresh Produce,Raw Ingredients,2024-01,2024-01-23,2024-01-18,14,No,6,5580,334,6.0,No,10
DEL00005,SUP-001,Prairie Grain Co.,Raw Ingredients,2024-01,2024-01-24,2024-01-22,8,Yes,0,2993,23,0.8,Yes,18
DEL00087,SUP-002,Maple Packaging Ltd.,Packaging,2024-01,2024-01-24,2024-01-20,16,Yes,0,1750,91,5.22,Yes,14
DEL00345,SUP-005,Westcoast Oils Inc.,Raw Ingredients,2024-01,2024-01-25,2024-01-20,7,Yes,0,6850,12,0.18,Yes,9
DEL00494,SUP-007,Rocky Mountain Spices,Additives,2024-01,2024-01-27,2024-01-25,9,Yes,0,4519,60,1.35,Yes,7
DEL00089,SUP-002,Maple Packaging Ltd.,Packaging,2024-01,2024-01-28,2024-01-25,20,No,5,3109,152,4.9,Yes,14
DEL00493,SUP-007,Rocky Mountain Spices,Additives,2024-01,2024-01-28,2024-01-27,8,Yes,0,6671,71,1.07,Yes,7
DEL00636,SUP-009,Northern Flavours Ltd.,Additives,2024-01,2024-01-28,2024-01-26,10,Yes,0,1411,14,1.01,Yes,9
DEL00009,SUP-001,Prairie Grain Co.,Raw Ingredients,2024-02,2024-02-01,2024-01-29,6,Yes,0,5699,39,0.69,Yes,18
DEL00171,SUP-003,Great Lakes Dairy Supply,Raw Ingredients,2024-02,2024-02-01,2024-01-29,9,Yes,0,6851,71,1.04,Yes,12
DEL00356,SUP-005,Westcoast Oils Inc.,Raw Ingredients,2024-02,2024-02-01,2024-01-29,7,Yes,0,5834,61,1.05,Yes,9
DEL00357,SUP-005,Westcoast Oils Inc.,Raw Ingredients,2024-02,2024-02-01,2024-01-27,6,Yes,0,6520,59,0.91,Yes,9
DEL00708,SUP-010,EcoBox Solutions,Packaging,2024-02,2024-02-01,2024-01-30,10,Yes,0,1672,17,1.06,Yes,6
DEL00270,SUP-004,Ontario Fresh Produce,Raw Ingredients,2024-02,2024-02-02,2024-02-02,9,Yes,0,6014,315,5.24,Yes,10
DEL00417,SUP-006,ClearSeal Packaging,Packaging,2024-02,2024-02-02,2024-01-30,8,Yes,0,7988,239,2.99,Yes,8
DEL00007,SUP-001,Prairie Grain Co.,Raw Ingredients,2024-02,2024-02-03,2024-02-02,9,Yes,0,6044,34,0.57,Yes,18
DEL00094,SUP-002,Maple Packaging Ltd.,Packaging,2024-02,2024-02-04,2024-02-01,14,No,11,3501,164,4.69,Yes,14
DEL00418,SUP-006,ClearSeal Packaging,Packaging,2024-02,2024-02-04,2024-02-02,12,Yes,0,6982,135,1.94,Yes,8
DEL00563,SUP-008,Atlantic Seafood Supply,Raw Ingredients,2024-02,2024-02-04,2024-01-31,17,Yes,0,4749,155,3.27,No,7
DEL00644,SUP-009,Northern Flavours Ltd.,Additives,2024-02,2024-02-04,2024-01-30,11,Yes,0,2794,43,1.57,Yes,9
DEL00559,SUP-008,Atlantic Seafood Supply,Raw Ingredients,2024-02,2024-02-06,2024-02-06,16,No,2,7555,96,1.28,No,7
DEL00709,SUP-010,EcoBox Solutions,Packaging,2024-02,2024-02-06,2024-02-06,4,Yes,0,5875,162,2.76,Yes,6
DEL00562,SUP-008,Atlantic Seafood Supply,Raw Ingredients,2024-02,2024-02-07,2024-02-05,16,No,1,6334,492,7.78,Yes,7
DEL00169,SUP-003,Great Lakes Dairy Supply,Raw Ingredients,2024-02,2024-02-08,2024-02-04,9,Yes,0,4997,96,1.93,Yes,12
DEL00423,SUP-006,ClearSeal Packaging,Packaging,2024-02,2024-02-08,2024-02-08,14,Yes,0,7952,152,1.92,No,8
DEL00499,SUP-007,Rocky Mountain Spices,Additives,2024-02,2024-02-08,2024-02-04,7,Yes,0,1935,14,0.76,Yes,7
DEL00642,SUP-009,Northern Flavours Ltd.,Additives,2024-02,2024-02-08,2024-02-03,8,Yes,0,2334,46,2.0,Yes,9
DEL00711,SUP-010,EcoBox Solutions,Packaging,2024-02,2024-02-08,2024-02-05,13,Yes,0,788,25,3.23,Yes,6
DEL00093,SUP-002,Maple Packaging Ltd.,Packaging,2024-02,2024-02-09,2024-02-04,12,No,7,1237,33,2.7,Yes,14
DEL00096,SUP-002,Maple Packaging Ltd.,Packaging,2024-02,2024-02-09,2024-02-06,17,Yes,0,4595,279,6.08,Yes,14
DEL00497,SUP-007,Rocky Mountain Spices,Additives,2024-02,2024-02-09,2024-02-06,7,Yes,0,7351,41,0.57,Yes,7
DEL00558,SUP-008,Atlantic Seafood Supply,Raw Ingredients,2024-02,2024-02-09,2024-02-09,18,Yes,0,4714,291,6.19,Yes,7
DEL00419,SUP-006,ClearSeal Packaging,Packaging,2024-02,2024-02-10,2024-02-09,12,Yes,0,2157,38,1.8,Yes,8
DEL00422,SUP-006,ClearSeal Packaging,Packaging,2024-02,2024-02-10,2024-02-09,13,Yes,0,2739,42,1.55,Yes,8
DEL00496,SUP-007,Rocky Mountain Spices,Additives,2024-02,2024-02-12,2024-02-08,8,Yes,0,3446,21,0.61,Yes,7
DEL00645,SUP-009,Northern Flavours Ltd.,Additives,2024-02,2024-02-12,2024-02-09,10,Yes,0,1270,15,1.25,Yes,9
DEL00646,SUP-009,Northern Flavours Ltd.,Additives,2024-02,2024-02-12,2024-02-09,8,Yes,0,5666,187,3.3,Yes,9
DEL00006,SUP-001,Prairie Grain Co.,Raw Ingredients,2024-02,2024-02-13,2024-02-10,7,Yes,0,1514,17,1.15,Yes,18
DEL00561,SUP-008,Atlantic Seafood Supply,Raw Ingredients,2024-02,2024-02-13,2024-02-13,24,Yes,0,5642,295,5.24,No,7
DEL00271,SUP-004,Ontario Fresh Produce,Raw Ingredients,2024-02,2024-02-14,2024-02-14,18,No,1,7531,467,6.21,No,10
DEL00010,SUP-001,Prairie Grain Co.,Raw Ingredients,2024-02,2024-02-15,2024-02-10,6,Yes,0,774,7,0.98,Yes,18
DEL00354,SUP-005,Westcoast Oils Inc.,Raw Ingredients,2024-02,2024-02-16,2024-02-14,7,Yes,0,6570,72,1.1,Yes,9
DEL00420,SUP-006,ClearSeal Packaging,Packaging,2024-02,2024-02-16,2024-02-16,7,Yes,0,4846,66,1.36,Yes,8
DEL00707,SUP-010,EcoBox Solutions,Packaging,2024-02,2024-02-16,2024-02-11,7,Yes,0,6238,168,2.7,No,6
DEL00358,SUP-005,Westcoast Oils Inc.,Raw Ingredients,2024-02,2024-02-17,2024-02-15,8,Yes,0,4062,19,0.48,Yes,9
DEL00564,SUP-008,Atlantic Seafood Supply,Raw Ingredients,2024-02,2024-02-17,2024-02-12,8,No,5,4467,227,5.1,No,7
DEL00173,SUP-003,Great Lakes Dairy Supply,Raw Ingredients,2024-02,2024-02-18,2024-02-13,11,Yes,0,4264,121,2.86,Yes,12
DEL00175,SUP-003,Great Lakes Dairy Supply,Raw Ingredients,2024-02,2024-02-18,2024-02-17,10,Yes,0,2115,44,2.12,Yes,12
DEL00269,SUP-004,Ontario Fresh Produce,Raw Ingredients,2024-02,2024-02-18,2024-02-15,17,No,10,7556,257,3.4,No,10
DEL00421,SUP-006,ClearSeal Packaging,Packaging,2024-02,2024-02-18,2024-02-17,12,No,6,7897,209,2.65,No,8
DEL00095,SUP-002,Maple Packaging Ltd.,Packaging,2024-02,2024-02-19,2024-02-16,10,No,11,6000,219,3.65,Yes,14
DEL00174,SUP-003,Great Lakes Dairy Supply,Raw Ingredients,2024-02,2024-02-19,2024-02-18,11,No,9,537,9,1.75,Yes,12
DEL00352,SUP-005,Westcoast Oils Inc.,Raw Ingredients,2024-02,2024-02-19,2024-02-16,7,No,1,1198,5,0.47,Yes,9
DEL00012,SUP-001,Prairie Grain Co.,Raw Ingredients,2024-02,2024-02-20,2024-02-17,6,Yes,0,7995,77,0.98,No,18
DEL00170,SUP-003,Great Lakes Dairy Supply,Raw Ingredients,2024-02,2024-02-20,2024-02-18,13,Yes,0,3213,50,1.56,Yes,12
DEL00008,SUP-001,Prairie Grain Co.,Raw Ingredients,2024-02,2024-02-21,2024-02-18,6,Yes,0,1075,3,0.29,Yes,18
DEL00268,SUP-004,Ontario Fresh Produce,Raw Ingredients,2024-02,2024-02-21,2024-02-19,6,Yes,0,3823,123,3.24,Yes,10
DEL00353,SUP-005,Westcoast Oils Inc.,Raw Ingredients,2024-02,2024-02-21,2024-02-19,6,Yes,0,7877,40,0.51,Yes,9
DEL00011,SUP-001,Prairie Grain Co.,Raw Ingredients,2024-02,2024-02-23,2024-02-23,9,Yes,0,4370,29,0.67,Yes,18
DEL00013,SUP-001,Prairie Grain Co.,Raw Ingredients,2024-02,2024-02-23,2024-02-21,6,Yes,0,4055,34,0.85,Yes,18
DEL00498,SUP-007,Rocky Mountain Spices,Additives,2024-02,2024-02-24,2024-02-19,8,Yes,0,5034,34,0.69,Yes,7
DEL00710,SUP-010,EcoBox Solutions,Packaging,2024-02,2024-02-24,2024-02-19,9,Yes,0,5560,73,1.33,Yes,6
DEL00091,SUP-002,Maple Packaging Ltd.,Packaging,2024-02,2024-02-25,2024-02-20,11,Yes,0,7721,410,5.32,Yes,14
DEL00172,SUP-003,Great Lakes Dairy Supply,Raw Ingredients,2024-02,2024-02-25,2024-02-24,8,Yes,0,7908,125,1.59,Yes,12
DEL00355,SUP-005,Westcoast Oils Inc.,Raw Ingredients,2024-02,2024-02-25,2024-02-24,6,Yes,0,1377,5,0.4,Yes,9
DEL00501,SUP-007,Rocky Mountain Spices,Additives,2024-02,2024-02-25,2024-02-21,9,Yes,0,525,4,0.77,Yes,7
DEL00092,SUP-002,Maple Packaging Ltd.,Packaging,2024-02,2024-02-26,2024-02-24,9,No,1,5904,446,7.57,Yes,14
DEL00500,SUP-007,Rocky Mountain Spices,Additives,2024-02,2024-02-26,2024-02-22,6,Yes,0,1818,16,0.9,Yes,7
DEL00560,SUP-008,Atlantic Seafood Supply,Raw Ingredients,2024-02,2024-02-26,2024-02-26,19,Yes,0,3051,161,5.3,Yes,7
DEL00643,SUP-009,Northern Flavours Ltd.,Additives,2024-02,2024-02-26,2024-02-25,10,No,12,2187,56,2.58,Yes,9
DEL00177,SUP-003,Great Lakes Dairy Supply,Raw Ingredients,2024-02,2024-02-27,2024-02-23,6,Yes,0,6803,173,2.55,Yes,12
DEL00178,SUP-003,Great Lakes Dairy Supply,Raw Ingredients,2024-02,2024-02-27,2024-02-25,9,Yes,0,5446,177,3.26,Yes,12
DEL00176,SUP-003,Great Lakes Dairy Supply,Raw Ingredients,2024-02,2024-02-28,2024-02-26,11,Yes,0,1934,30,1.6,Yes,12
DEL00015,SUP-001,Prairie Grain Co.,Raw Ingredients,2024-03,2024-03-01,2024-02-29,5,Yes,0,2130,19,0.93,Yes,18
DEL00279,SUP-004,Ontario Fresh Produce,Raw Ingredients,2024-03,2024-03-01,2024-02-25,16,No,12,5044,183,3.63,No,10
DEL00361,SUP-005,Westcoast Oils Inc.,Raw Ingredients,2024-03,2024-03-01,2024-02-27,7,Yes,0,7787,63,0.82,Yes,9
DEL00567,SUP-008,Atlantic Seafood Supply,Raw Ingredients,2024-03,2024-03-01,2024-02-29,13,Yes,0,7808,529,6.79,Yes,7
DEL00714,SUP-010,EcoBox Solutions,Packaging,2024-03,2024-03-01,2024-02-29,11,Yes,0,751,26,3.47,Yes,6
DEL00277,SUP-004,Ontario Fresh Produce,Raw Ingredients,2024-03,2024-03-02,2024-02-27,8,Yes,0,2875,115,4.02,Yes,10
DEL00566,SUP-008,Atlantic Seafood Supply,Raw Ingredients,2024-03,2024-03-02,2024-02-28,16,Yes,0,2026,87,4.3,No,7
DEL00105,SUP-002,Maple Packaging Ltd.,Packaging,2024-03,2024-03-03,2024-03-02,17,Yes,0,3242,211,6.51,No,14
DEL00272,SUP-004,Ontario Fresh Produce,Raw Ingredients,2024-03,2024-03-03,2024-02-29,17,Yes,0,3331,191,5.76,No,10
DEL00364,SUP-005,Westcoast Oils Inc.,Raw Ingredients,2024-03,2024-03-03,2024-03-03,7,No,6,2950,32,1.09,Yes,9
DEL00278,SUP-004,Ontario Fresh Produce,Raw Ingredients,2024-03,2024-03-04,2024-03-03,9,Yes,0,5035,169,3.36,No,10
DEL00713,SUP-010,EcoBox Solutions,Packaging,2024-03,2024-03-04,2024-02-29,7,Yes,0,3700,97,2.62,Yes,6
DEL00017,SUP-001,Prairie Grain Co.,Raw Ingredients,2024-03,2024-03-05,2024-03-02,7,Yes,0,2219,6,0.3,Yes,18
DEL00021,SUP-001,Prairie Grain Co.,Raw Ingredients,2024-03,2024-03-05,2024-03-03,8,Yes,0,5736,52,0.92,Yes,18
DEL00104,SUP-002,Maple Packaging Ltd.,Packaging,2024-03,2024-03-05,2024-03-01,13,Yes,0,6545,351,5.37,Yes,14
DEL00424,SUP-006,ClearSeal Packaging,Packaging,2024-03,2024-03-05,2024-03-02,13,Yes,0,3007,59,1.96,Yes,8
DEL00098,SUP-002,Maple Packaging Ltd.,Packaging,2024-03,2024-03-06,2024-03-03,9,No,3,4048,270,6.67,Yes,14
DEL00568,SUP-008,Atlantic Seafood Supply,Raw Ingredients,2024-03,2024-03-06,2024-03-05,19,Yes,0,1648,118,7.17,Yes,7
DEL00715,SUP-010,EcoBox Solutions,Packaging,2024-03,2024-03-06,2024-03-02,13,Yes,0,4734,128,2.72,No,6
DEL00716,SUP-010,EcoBox Solutions,Packaging,2024-03,2024-03-06,2024-03-02,8,Yes,0,2511,62,2.47,Yes,6
DEL00503,SUP-007,Rocky Mountain Spices,Additives,2024-03,2024-03-07,2024-03-06,9,Yes,0,3912,23,0.59,Yes,7
DEL00273,SUP-004,Ontario Fresh Produce,Raw Ingredients,2024-03,2024-03-08,2024-03-07,14,Yes,0,3583,173,4.85,No,10
DEL00359,SUP-005,Westcoast Oils Inc.,Raw Ingredients,2024-03,2024-03-08,2024-03-08,7,No,6,6041,58,0.97,Yes,9
DEL00648,SUP-009,Northern Flavours Ltd.,Additives,2024-03,2024-03-08,2024-03-08,11,Yes,0,2152,76,3.57,Yes,9
DEL00650,SUP-009,Northern Flavours Ltd.,Additives,2024-03,2024-03-08,2024-03-05,7,Yes,0,4057,24,0.59,Yes,9
DEL00712,SUP-010,EcoBox Solutions,Packaging,2024-03,2024-03-08,2024-03-07,8,Yes,0,6946,99,1.44,Yes,6
DEL00185,SUP-003,Great Lakes Dairy Supply,Raw Ingredients,2024-03,2024-03-09,2024-03-07,8,Yes,0,4088,101,2.49,Yes,12
DEL00275,SUP-004,Ontario Fresh Produce,Raw Ingredients,2024-03,2024-03-09,2024-03-05,11,Yes,0,4181,180,4.31,Yes,10
DEL00101,SUP-002,Maple Packaging Ltd.,Packaging,2024-03,2024-03-10,2024-03-08,16,Yes,0,7021,447,6.37,Yes,14
DEL00014,SUP-001,Prairie Grain Co.,Raw Ingredients,2024-03,2024-03-11,2024-03-06,8,Yes,0,6408,13,0.22,Yes,18
DEL00100,SUP-002,Maple Packaging Ltd.,Packaging,2024-03,2024-03-11,2024-03-07,14,Yes,0,6232,333,5.36,Yes,14
DEL00182,SUP-003,Great Lakes Dairy Supply,Raw Ingredients,2024-03,2024-03-11,2024-03-10,10,Yes,0,5114,74,1.46,Yes,12
DEL00186,SUP-003,Great Lakes Dairy Supply,Raw Ingredients,2024-03,2024-03-11,2024-03-06,8,Yes,0,6979,96,1.39,Yes,12
DEL00427,SUP-006,ClearSeal Packaging,Packaging,2024-03,2024-03-11,2024-03-11,12,Yes,0,4209,121,2.88,Yes,8
DEL00179,SUP-003,Great Lakes Dairy Supply,Raw Ingredients,2024-03,2024-03-12,2024-03-10,8,Yes,0,7711,129,1.68,Yes,12
DEL00274,SUP-004,Ontario Fresh Produce,Raw Ingredients,2024-03,2024-03-12,2024-03-12,19,No,5,1817,77,4.27,Yes,10
DEL00426,SUP-006,ClearSeal Packaging,Packaging,2024-03,2024-03-12,2024-03-11,12,No,7,4650,136,2.94,Yes,8
DEL00181,SUP-003,Great Lakes Dairy Supply,Raw Ingredients,2024-03,2024-03-13,2024-03-10,7,Yes,0,2686,36,1.36,Yes,12
DEL00183,SUP-003,Great Lakes Dairy Supply,Raw Ingredients,2024-03,2024-03-13,2024-03-08,13,Yes,0,3661,62,1.71,Yes,12
DEL00276,SUP-004,Ontario Fresh Produce,Raw Ingredients,2024-03,2024-03-13,2024-03-08,17,Yes,0,2932,221,7.54,Yes,10
DEL00573,SUP-008,Atlantic Seafood Supply,Raw Ingredients,2024-03,2024-03-13,2024-03-11,18,Yes,0,4661,150,3.23,Yes,7
DEL00717,SUP-010,EcoBox Solutions,Packaging,2024-03,2024-03-14,2024-03-09,13,Yes,0,5673,112,1.99,Yes,6
DEL00099,SUP-002,Maple Packaging Ltd.,Packaging,2024-03,2024-03-15,2024-03-13,11,Yes,0,6159,160,2.61,Yes,14
DEL00647,SUP-009,Northern Flavours Ltd.,Additives,2024-03,2024-03-15,2024-03-13,7,Yes,0,7741,242,3.13,No,9
DEL00718,SUP-010,EcoBox Solutions,Packaging,2024-03,2024-03-15,2024-03-12,7,Yes,0,677,18,2.71,Yes,6
DEL00102,SUP-002,Maple Packaging Ltd.,Packaging,2024-03,2024-03-17,2024-03-12,12,No,11,3870,114,2.97,Yes,14
DEL00187,SUP-003,Great Lakes Dairy Supply,Raw Ingredients,2024-03,2024-03-17,2024-03-15,7,Yes,0,2201,45,2.05,Yes,12
DEL00502,SUP-007,Rocky Mountain Spices,Additives,2024-03,2024-03-17,2024-03-12,8,Yes,0,803,5,0.73,Yes,7
DEL00425,SUP-006,ClearSeal Packaging,Packaging,2024-03,2024-03-18,2024-03-18,4,No,9,6016,185,3.08,Yes,8
DEL00570,SUP-008,Atlantic Seafood Supply,Raw Ingredients,2024-03,2024-03-18,2024-03-14,16,Yes,0,5729,58,1.03,No,7
DEL00571,SUP-008,Atlantic Seafood Supply,Raw Ingredients,2024-03,2024-03-18,2024-03-13,15,No,2,4852,341,7.04,Yes,7
DEL00180,SUP-003,Great Lakes Dairy Supply,Raw Ingredients,2024-03,2024-03-19,2024-03-18,10,Yes,0,2263,50,2.25,Yes,12
DEL00649,SUP-009,Northern Flavours Ltd.,Additives,2024-03,2024-03-19,2024-03-15,7,Yes,0,4625,110,2.39,Yes,9
DEL00016,SUP-001,Prairie Grain Co.,Raw Ingredients,2024-03,2024-03-20,2024-03-20,8,Yes,0,7533,34,0.46,Yes,18
DEL00097,SUP-002,Maple Packaging Ltd.,Packaging,2024-03,2024-03-20,2024-03-16,15,Yes,0,2478,148,6.01,Yes,14
DEL00280,SUP-004,Ontario Fresh Produce,Raw Ingredients,2024-03,2024-03-20,2024-03-19,20,No,6,661,37,5.73,No,10
DEL00362,SUP-005,Westcoast Oils Inc.,Raw Ingredients,2024-03,2024-03-20,2024-03-19,6,Yes,0,5382,60,1.13,Yes,9
DEL00360,SUP-005,Westcoast Oils Inc.,Raw Ingredients,2024-03,2024-03-21,2024-03-17,7,Yes,0,7969,78,0.99,Yes,9
DEL00565,SUP-008,Atlantic Seafood Supply,Raw Ingredients,2024-03,2024-03-23,2024-03-19,17,Yes,0,6174,245,3.98,No,7
DEL00572,SUP-008,Atlantic Seafood Supply,Raw Ingredients,2024-03,2024-03-23,2024-03-20,7,No,9,7797,586,7.52,Yes,7
DEL00020,SUP-001,Prairie Grain Co.,Raw Ingredients,2024-03,2024-03-24,2024-03-22,8,Yes,0,7364,53,0.72,Yes,18
DEL00022,SUP-001,Prairie Grain Co.,Raw Ingredients,2024-03,2024-03-24,2024-03-23,7,Yes,0,5532,54,0.99,Yes,18
DEL00019,SUP-001,Prairie Grain Co.,Raw Ingredients,2024-03,2024-03-25,2024-03-20,7,Yes,0,1550,16,1.07,Yes,18
DEL00184,SUP-003,Great Lakes Dairy Supply,Raw Ingredients,2024-03,2024-03-25,2024-03-23,10,Yes,0,6215,52,0.85,Yes,12
DEL00363,SUP-005,Westcoast Oils Inc.,Raw Ingredients,2024-03,2024-03-25,2024-03-25,7,Yes,0,5848,72,1.24,Yes,9
DEL00018,SUP-001,Prairie Grain Co.,Raw Ingredients,2024-03,2024-03-26,2024-03-22,7,Yes,0,754,7,0.95,Yes,18
DEL00281,SUP-004,Ontario Fresh Produce,Raw Ingredients,2024-03,2024-03-26,2024-03-25,14,Yes,0,6101,190,3.13,Yes,10
DEL00504,SUP-007,Rocky Mountain Spices,Additives,2024-03,2024-03-26,2024-03-24,5,Yes,0,4056,50,1.24,Yes,7
DEL00505,SUP-007,Rocky Mountain Spices,Additives,2024-03,2024-03-26,2024-03-24,7,Yes,0,5822,44,0.76,Yes,7
DEL00569,SUP-008,Atlantic Seafood Supply,Raw Ingredients,2024-03,2024-03-26,2024-03-22,11,Yes,0,5405,266,4.92,No,7
DEL00023,SUP-001,Prairie Grain Co.,Raw Ingredients,2024-03,2024-03-27,2024-03-27,6,Yes,0,2842,29,1.03,Yes,18
DEL00103,SUP-002,Maple Packaging Ltd.,Packaging,2024-03,2024-03-27,2024-03-26,12,No,4,5231,200,3.84,Yes,14
DEL00107,SUP-002,Maple Packaging Ltd.,Packaging,2024-04,2024-04-01,2024-04-01,8,Yes,0,4737,352,7.43,Yes,14
DEL00654,SUP-009,Northern Flavours Ltd.,Additives,2024-04,2024-04-01,2024-03-30,14,Yes,0,4953,135,2.73,Yes,9
DEL00025,SUP-001,Prairie Grain Co.,Raw Ingredients,2024-04,2024-04-02,2024-04-01,7,Yes,0,7427,86,1.16,Yes,18
DEL00108,SUP-002,Maple Packaging Ltd.,Packaging,2024-04,2024-04-02,2024-03-28,12,Yes,0,4678,69,1.49,No,14
DEL00366,SUP-005,Westcoast Oils Inc.,Raw Ingredients,2024-04,2024-04-02,2024-03-30,6,Yes,0,2975,27,0.92,Yes,9
DEL00028,SUP-001,Prairie Grain Co.,Raw Ingredients,2024-04,2024-04-04,2024-04-02,7,Yes,0,4404,42,0.98,Yes,18
DEL00369,SUP-005,Westcoast Oils Inc.,Raw Ingredients,2024-04,2024-04-05,2024-04-03,6,Yes,0,3734,56,1.51,Yes,9
DEL00575,SUP-008,Atlantic Seafood Supply,Raw Ingredients,2024-04,2024-04-05,2024-03-31,14,Yes,0,2505,176,7.05,Yes,7
DEL00428,SUP-006,ClearSeal Packaging,Packaging,2024-04,2024-04-06,2024-04-05,10,Yes,0,7311,267,3.66,No,8
DEL00506,SUP-007,Rocky Mountain Spices,Additives,2024-04,2024-04-06,2024-04-01,6,Yes,0,2792,19,0.71,Yes,7
DEL00719,SUP-010,EcoBox Solutions,Packaging,2024-04,2024-04-06,2024-04-01,7,Yes,0,6395,108,1.7,Yes,6
DEL00721,SUP-010,EcoBox Solutions,Packaging,2024-04,2024-04-06,2024-04-03,11,Yes,0,1511,44,2.91,Yes,6
DEL00287,SUP-004,Ontario Fresh Produce,Raw Ingredients,2024-04,2024-04-08,2024-04-08,12,Yes,0,4486,344,7.67,No,10
DEL00510,SUP-007,Rocky Mountain Spices,Additives,2024-04,2024-04-08,2024-04-07,5,Yes,0,7080,11,0.17,Yes,7
DEL00655,SUP-009,Northern Flavours Ltd.,Additives,2024-04,2024-04-09,2024-04-09,10,Yes,0,6073,190,3.14,Yes,9
DEL00651,SUP-009,Northern Flavours Ltd.,Additives,2024-04,2024-04-10,2024-04-07,9,No,2,6230,152,2.45,Yes,9
DEL00431,SUP-006,ClearSeal Packaging,Packaging,2024-04,2024-04-11,2024-04-07,6,Yes,0,2519,60,2.41,Yes,8
DEL00111,SUP-002,Maple Packaging Ltd.,Packaging,2024-04,2024-04-12,2024-04-07,13,Yes,0,3775,101,2.69,Yes,14
DEL00652,SUP-009,Northern Flavours Ltd.,Additives,2024-04,2024-04-12,2024-04-12,11,Yes,0,640,10,1.67,Yes,9
DEL00024,SUP-001,Prairie Grain Co.,Raw Ingredients,2024-04,2024-04-13,2024-04-13,7,No,11,3612,38,1.08,Yes,18
DEL00027,SUP-001,Prairie Grain Co.,Raw Ingredients,2024-04,2024-04-13,2024-04-11,6,Yes,0,3772,49,1.31,Yes,18
DEL00284,SUP-004,Ontario Fresh Produce,Raw Ingredients,2024-04,2024-04-13,2024-04-11,13,Yes,0,5098,393,7.72,Yes,10
DEL00432,SUP-006,ClearSeal Packaging,Packaging,2024-04,2024-04-13,2024-04-10,6,Yes,0,7675,92,1.21,Yes,8
DEL00507,SUP-007,Rocky Mountain Spices,Additives,2024-04,2024-04-13,2024-04-09,7,Yes,0,3518,24,0.68,Yes,7
DEL00508,SUP-007,Rocky Mountain Spices,Additives,2024-04,2024-04-13,2024-04-09,7,Yes,0,5105,30,0.6,Yes,7
DEL00433,SUP-006,ClearSeal Packaging,Packaging,2024-04,2024-04-14,2024-04-10,9,Yes,0,7107,219,3.08,Yes,8
DEL00192,SUP-003,Great Lakes Dairy Supply,Raw Ingredients,2024-04,2024-04-15,2024-04-12,12,No,11,6454,127,1.98,Yes,12
DEL00429,SUP-006,ClearSeal Packaging,Packaging,2024-04,2024-04-15,2024-04-11,7,Yes,0,2627,36,1.38,Yes,8
DEL00577,SUP-008,Atlantic Seafood Supply,Raw Ingredients,2024-04,2024-04-15,2024-04-12,15,Yes,0,3291,92,2.81,Yes,7
DEL00653,SUP-009,Northern Flavours Ltd.,Additives,2024-04,2024-04-15,2024-04-14,8,Yes,0,5753,148,2.58,Yes,9
DEL00726,SUP-010,EcoBox Solutions,Packaging,2024-04,2024-04-15,2024-04-11,14,Yes,0,6932,0,0,Yes,6
DEL00286,SUP-004,Ontario Fresh Produce,Raw Ingredients,2024-04,2024-04-16,2024-04-13,15,Yes,0,3724,86,2.32,Yes,10
DEL00576,SUP-008,Atlantic Seafood Supply,Raw Ingredients,2024-04,2024-04-16,2024-04-12,16,No,12,5400,263,4.89,No,7
DEL00110,SUP-002,Maple Packaging Ltd.,Packaging,2024-04,2024-04-17,2024-04-13,10,Yes,0,2843,92,3.25,Yes,14
DEL00285,SUP-004,Ontario Fresh Produce,Raw Ingredients,2024-04,2024-04-17,2024-04-13,14,No,9,3160,184,5.85,Yes,10
DEL00723,SUP-010,EcoBox Solutions,Packaging,2024-04,2024-04-17,2024-04-13,8,No,5,7171,111,1.55,Yes,6
DEL00191,SUP-003,Great Lakes Dairy Supply,Raw Ingredients,2024-04,2024-04-18,2024-04-14,12,Yes,0,4327,106,2.45,Yes,12
DEL00282,SUP-004,Ontario Fresh Produce,Raw Ingredients,2024-04,2024-04-18,2024-04-15,20,Yes,0,6871,304,4.44,Yes,10
DEL00722,SUP-010,EcoBox Solutions,Packaging,2024-04,2024-04-18,2024-04-18,12,Yes,0,3041,75,2.5,Yes,6
DEL00106,SUP-002,Maple Packaging Ltd.,Packaging,2024-04,2024-04-19,2024-04-17,12,Yes,0,7339,451,6.15,No,14
DEL00430,SUP-006,ClearSeal Packaging,Packaging,2024-04,2024-04-19,2024-04-17,10,Yes,0,1128,18,1.65,Yes,8
DEL00511,SUP-007,Rocky Mountain Spices,Additives,2024-04,2024-04-19,2024-04-19,7,No,1,4555,31,0.7,Yes,7
DEL00720,SUP-010,EcoBox Solutions,Packaging,2024-04,2024-04-19,2024-04-19,6,Yes,0,1279,33,2.65,Yes,6
DEL00026,SUP-001,Prairie Grain Co.,Raw Ingredients,2024-04,2024-04-20,2024-04-17,7,Yes,0,6482,19,0.3,Yes,18
DEL00109,SUP-002,Maple Packaging Ltd.,Packaging,2024-04,2024-04-20,2024-04-20,14,Yes,0,4687,225,4.8,Yes,14
DEL00365,SUP-005,Westcoast Oils Inc.,Raw Ingredients,2024-04,2024-04-20,2024-04-17,6,Yes,0,2210,16,0.73,Yes,9
DEL00190,SUP-003,Great Lakes Dairy Supply,Raw Ingredients,2024-04,2024-04-21,2024-04-17,9,Yes,0,3656,70,1.92,Yes,12
DEL00578,SUP-008,Atlantic Seafood Supply,Raw Ingredients,2024-04,2024-04-21,2024-04-21,13,No,6,1881,117,6.24,Yes,7
DEL00283,SUP-004,Ontario Fresh Produce,Raw Ingredients,2024-04,2024-04-22,2024-04-22,15,Yes,0,3987,178,4.48,Yes,10
DEL00509,SUP-007,Rocky Mountain Spices,Additives,2024-04,2024-04-22,2024-04-18,7,Yes,0,4492,52,1.17,Yes,7
DEL00368,SUP-005,Westcoast Oils Inc.,Raw Ingredients,2024-04,2024-04-24,2024-04-21,6,Yes,0,1596,23,1.49,Yes,9
DEL00656,SUP-009,Northern Flavours Ltd.,Additives,2024-04,2024-04-25,2024-04-21,8,Yes,0,2439,61,2.51,No,9
DEL00725,SUP-010,EcoBox Solutions,Packaging,2024-04,2024-04-25,2024-04-25,11,Yes,0,2192,58,2.65,Yes,6
DEL00188,SUP-003,Great Lakes Dairy Supply,Raw Ingredients,2024-04,2024-04-26,2024-04-21,8,Yes,0,7655,160,2.1,Yes,12
DEL00367,SUP-005,Westcoast Oils Inc.,Raw Ingredients,2024-04,2024-04-26,2024-04-23,7,Yes,0,2842,17,0.63,Yes,9
DEL00574,SUP-008,Atlantic Seafood Supply,Raw Ingredients,2024-04,2024-04-26,2024-04-26,15,Yes,0,802,60,7.55,Yes,7
DEL00657,SUP-009,Northern Flavours Ltd.,Additives,2024-04,2024-04-26,2024-04-21,9,Yes,0,5781,94,1.63,Yes,9
DEL00724,SUP-010,EcoBox Solutions,Packaging,2024-04,2024-04-26,2024-04-24,7,Yes,0,4392,114,2.6,Yes,6
DEL00189,SUP-003,Great Lakes Dairy Supply,Raw Ingredients,2024-04,2024-04-28,2024-04-24,11,Yes,0,6442,207,3.22,Yes,12
DEL00514,SUP-007,Rocky Mountain Spices,Additives,2024-05,2024-05-01,2024-05-01,6,Yes,0,2397,12,0.51,Yes,7
DEL00194,SUP-003,Great Lakes Dairy Supply,Raw Ingredients,2024-05,2024-05-02,2024-05-01,8,Yes,0,4389,92,2.11,Yes,12
DEL00440,SUP-006,ClearSeal Packaging,Packaging,2024-05,2024-05-02,2024-04-27,5,Yes,0,3495,60,1.72,Yes,8
DEL00197,SUP-003,Great Lakes Dairy Supply,Raw Ingredients,2024-05,2024-05-03,2024-05-01,11,Yes,0,5254,190,3.62,Yes,12
DEL00291,SUP-004,Ontario Fresh Produce,Raw Ingredients,2024-05,2024-05-03,2024-04-29,16,No,6,1566,99,6.36,Yes,10
DEL00370,SUP-005,Westcoast Oils Inc.,Raw Ingredients,2024-05,2024-05-03,2024-05-02,7,Yes,0,1887,14,0.76,Yes,9
DEL00442,SUP-006,ClearSeal Packaging,Packaging,2024-05,2024-05-03,2024-04-29,8,Yes,0,5306,83,1.57,Yes,8
DEL00731,SUP-010,EcoBox Solutions,Packaging,2024-05,2024-05-03,2024-05-03,13,Yes,0,5457,137,2.51,Yes,6
DEL00112,SUP-002,Maple Packaging Ltd.,Packaging,2024-05,2024-05-04,2024-05-02,15,Yes,0,2274,135,5.96,No,14
DEL00199,SUP-003,Great Lakes Dairy Supply,Raw Ingredients,2024-05,2024-05-04,2024-04-30,7,Yes,0,4762,147,3.11,Yes,12
DEL00202,SUP-003,Great Lakes Dairy Supply,Raw Ingredients,2024-05,2024-05-04,2024-04-30,8,Yes,0,5525,119,2.16,Yes,12
DEL00289,SUP-004,Ontario Fresh Produce,Raw Ingredients,2024-05,2024-05-04,2024-04-29,9,Yes,0,2892,134,4.66,Yes,10
DEL00439,SUP-006,ClearSeal Packaging,Packaging,2024-05,2024-05-05,2024-05-04,11,Yes,0,1056,16,1.56,Yes,8
DEL00193,SUP-003,Great Lakes Dairy Supply,Raw Ingredients,2024-05,2024-05-07,2024-05-06,11,Yes,0,2287,57,2.53,Yes,12
DEL00292,SUP-004,Ontario Fresh Produce,Raw Ingredients,2024-05,2024-05-07,2024-05-06,10,Yes,0,2049,65,3.2,Yes,10
DEL00200,SUP-003,Great Lakes Dairy Supply,Raw Ingredients,2024-05,2024-05-08,2024-05-06,7,Yes,0,924,15,1.68,Yes,12
DEL00117,SUP-002,Maple Packaging Ltd.,Packaging,2024-05,2024-05-09,2024-05-08,19,Yes,0,5240,211,4.04,Yes,14
DEL00119,SUP-002,Maple Packaging Ltd.,Packaging,2024-05,2024-05-09,2024-05-09,13,No,8,2274,91,4.04,Yes,14
DEL00195,SUP-003,Great Lakes Dairy Supply,Raw Ingredients,2024-05,2024-05-09,2024-05-08,12,Yes,0,5840,137,2.36,No,12
DEL00290,SUP-004,Ontario Fresh Produce,Raw Ingredients,2024-05,2024-05-09,2024-05-08,16,Yes,0,5380,119,2.23,Yes,10
DEL00512,SUP-007,Rocky Mountain Spices,Additives,2024-05,2024-05-09,2024-05-04,6,Yes,0,3363,30,0.91,Yes,7
DEL00513,SUP-007,Rocky Mountain Spices,Additives,2024-05,2024-05-09,2024-05-04,7,Yes,0,6344,72,1.14,Yes,7
DEL00585,SUP-008,Atlantic Seafood Supply,Raw Ingredients,2024-05,2024-05-09,2024-05-09,12,No,1,2113,141,6.68,Yes,7
DEL00729,SUP-010,EcoBox Solutions,Packaging,2024-05,2024-05-09,2024-05-09,11,Yes,0,7457,174,2.34,Yes,6
DEL00033,SUP-001,Prairie Grain Co.,Raw Ingredients,2024-05,2024-05-10,2024-05-05,7,Yes,0,3500,28,0.81,Yes,18
DEL00296,SUP-004,Ontario Fresh Produce,Raw Ingredients,2024-05,2024-05-10,2024-05-07,13,No,8,6032,301,5.0,Yes,10
DEL00118,SUP-002,Maple Packaging Ltd.,Packaging,2024-05,2024-05-11,2024-05-11,17,Yes,0,3018,122,4.05,No,14
DEL00196,SUP-003,Great Lakes Dairy Supply,Raw Ingredients,2024-05,2024-05-11,2024-05-10,10,Yes,0,1811,53,2.96,Yes,12
DEL00203,SUP-003,Great Lakes Dairy Supply,Raw Ingredients,2024-05,2024-05-11,2024-05-08,9,Yes,0,1740,23,1.36,Yes,12
DEL00663,SUP-009,Northern Flavours Ltd.,Additives,2024-05,2024-05-11,2024-05-07,8,Yes,0,6320,254,4.03,No,9
DEL00288,SUP-004,Ontario Fresh Produce,Raw Ingredients,2024-05,2024-05-13,2024-05-08,19,No,7,3126,133,4.28,Yes,10
DEL00583,SUP-008,Atlantic Seafood Supply,Raw Ingredients,2024-05,2024-05-13,2024-05-09,11,No,2,5113,201,3.94,No,7
DEL00730,SUP-010,EcoBox Solutions,Packaging,2024-05,2024-05-14,2024-05-14,9,No,2,4169,169,4.07,No,6
DEL00198,SUP-003,Great Lakes Dairy Supply,Raw Ingredients,2024-05,2024-05-15,2024-05-10,14,Yes,0,5684,34,0.61,Yes,12
DEL00582,SUP-008,Atlantic Seafood Supply,Raw Ingredients,2024-05,2024-05-15,2024-05-12,12,Yes,0,1141,63,5.56,No,7
DEL00659,SUP-009,Northern Flavours Ltd.,Additives,2024-05,2024-05-15,2024-05-14,13,Yes,0,6776,199,2.94,Yes,9
DEL00297,SUP-004,Ontario Fresh Produce,Raw Ingredients,2024-05,2024-05-16,2024-05-14,14,Yes,0,6707,298,4.45,Yes,10
DEL00372,SUP-005,Westcoast Oils Inc.,Raw Ingredients,2024-05,2024-05-16,2024-05-13,6,Yes,0,1369,0,0,Yes,9
DEL00434,SUP-006,ClearSeal Packaging,Packaging,2024-05,2024-05-16,2024-05-12,13,Yes,0,6299,61,0.98,Yes,8
DEL00584,SUP-008,Atlantic Seafood Supply,Raw Ingredients,2024-05,2024-05-16,2024-05-15,3,Yes,0,5577,195,3.5,No,7
DEL00030,SUP-001,Prairie Grain Co.,Raw Ingredients,2024-05,2024-05-17,2024-05-17,7,Yes,0,1291,6,0.5,Yes,18
DEL00113,SUP-002,Maple Packaging Ltd.,Packaging,2024-05,2024-05-18,2024-05-17,17,No,9,5642,202,3.6,Yes,14
DEL00294,SUP-004,Ontario Fresh Produce,Raw Ingredients,2024-05,2024-05-18,2024-05-18,17,Yes,0,824,9,1.19,Yes,10
DEL00580,SUP-008,Atlantic Seafood Supply,Raw Ingredients,2024-05,2024-05-18,2024-05-16,21,No,4,5737,398,6.94,Yes,7
DEL00727,SUP-010,EcoBox Solutions,Packaging,2024-05,2024-05-18,2024-05-15,8,Yes,0,2645,53,2.03,Yes,6
DEL00441,SUP-006,ClearSeal Packaging,Packaging,2024-05,2024-05-19,2024-05-19,10,Yes,0,4012,124,3.11,No,8
DEL00437,SUP-006,ClearSeal Packaging,Packaging,2024-05,2024-05-20,2024-05-18,8,Yes,0,4225,109,2.59,Yes,8
DEL00371,SUP-005,Westcoast Oils Inc.,Raw Ingredients,2024-05,2024-05-21,2024-05-19,6,Yes,0,7414,64,0.87,Yes,9
DEL00374,SUP-005,Westcoast Oils Inc.,Raw Ingredients,2024-05,2024-05-21,2024-05-20,6,Yes,0,7704,47,0.61,Yes,9
DEL00436,SUP-006,ClearSeal Packaging,Packaging,2024-05,2024-05-21,2024-05-20,12,Yes,0,1327,7,0.55,Yes,8
DEL00032,SUP-001,Prairie Grain Co.,Raw Ingredients,2024-05,2024-05-22,2024-05-21,7,Yes,0,3037,0,0.02,Yes,18
DEL00579,SUP-008,Atlantic Seafood Supply,Raw Ingredients,2024-05,2024-05-22,2024-05-22,6,Yes,0,1274,79,6.21,Yes,7
DEL00373,SUP-005,Westcoast Oils Inc.,Raw Ingredients,2024-05,2024-05-23,2024-05-20,6,Yes,0,3006,24,0.83,Yes,9
DEL00295,SUP-004,Ontario Fresh Produce,Raw Ingredients,2024-05,2024-05-24,2024-05-20,10,No,3,2037,155,7.64,Yes,10
DEL00435,SUP-006,ClearSeal Packaging,Packaging,2024-05,2024-05-24,2024-05-21,7,Yes,0,4470,90,2.03,Yes,8
DEL00116,SUP-002,Maple Packaging Ltd.,Packaging,2024-05,2024-05-25,2024-05-25,13,No,10,6906,420,6.1,No,14
DEL00201,SUP-003,Great Lakes Dairy Supply,Raw Ingredients,2024-05,2024-05-25,2024-05-24,9,Yes,0,7239,242,3.35,No,12
DEL00658,SUP-009,Northern Flavours Ltd.,Additives,2024-05,2024-05-25,2024-05-20,8,Yes,0,3028,87,2.91,Yes,9
DEL00031,SUP-001,Prairie Grain Co.,Raw Ingredients,2024-05,2024-05-26,2024-05-23,6,Yes,0,4254,18,0.44,Yes,18
DEL00114,SUP-002,Maple Packaging Ltd.,Packaging,2024-05,2024-05-26,2024-05-21,12,No,5,964,53,5.54,Yes,14
DEL00581,SUP-008,Atlantic Seafood Supply,Raw Ingredients,2024-05,2024-05-26,2024-05-26,14,No,4,4369,123,2.82,No,7
DEL00660,SUP-009,Northern Flavours Ltd.,Additives,2024-05,2024-05-26,2024-05-24,9,Yes,0,3128,31,1.0,Yes,9
DEL00029,SUP-001,Prairie Grain Co.,Raw Ingredients,2024-05,2024-05-27,2024-05-24,7,Yes,0,5162,56,1.09,Yes,18
DEL00115,SUP-002,Maple Packaging Ltd.,Packaging,2024-05,2024-05-27,2024-05-23,16,Yes,0,1135,58,5.12,Yes,14
DEL00293,SUP-004,Ontario Fresh Produce,Raw Ingredients,2024-05,2024-05-27,2024-05-22,15,Yes,0,4708,174,3.72,Yes,10
DEL00515,SUP-007,Rocky Mountain Spices,Additives,2024-05,2024-05-27,2024-05-25,7,Yes,0,7308,62,0.85,Yes,7
DEL00661,SUP-009,Northern Flavours Ltd.,Additives,2024-05,2024-05-27,2024-05-22,10,Yes,0,4231,101,2.39,Yes,9
DEL00662,SUP-009,Northern Flavours Ltd.,Additives,2024-05,2024-05-27,2024-05-27,10,Yes,0,3253,84,2.59,Yes,9
DEL00728,SUP-010,EcoBox Solutions,Packaging,2024-05,2024-05-27,2024-05-23,13,Yes,0,4552,138,3.03,Yes,6
DEL00438,SUP-006,ClearSeal Packaging,Packaging,2024-05,2024-05-28,2024-05-25,11,No,7,5615,77,1.38,Yes,8
DEL00443,SUP-006,ClearSeal Packaging,Packaging,2024-06,2024-06-01,2024-05-28,9,No,12,6423,163,2.55,Yes,8
DEL00298,SUP-004,Ontario Fresh Produce,Raw Ingredients,2024-06,2024-06-02,2024-06-01,15,Yes,0,6501,381,5.88,No,10
DEL00448,SUP-006,ClearSeal Packaging,Packaging,2024-06,2024-06-02,2024-06-02,10,Yes,0,4014,87,2.18,Yes,8
DEL00375,SUP-005,Westcoast Oils Inc.,Raw Ingredients,2024-06,2024-06-03,2024-06-03,9,Yes,0,4260,42,1.01,Yes,9
DEL00587,SUP-008,Atlantic Seafood Supply,Raw Ingredients,2024-06,2024-06-04,2024-06-03,11,No,6,3780,179,4.74,Yes,7
DEL00039,SUP-001,Prairie Grain Co.,Raw Ingredients,2024-06,2024-06-05,2024-05-31,6,Yes,0,2850,25,0.89,Yes,18
DEL00303,SUP-004,Ontario Fresh Produce,Raw Ingredients,2024-06,2024-06-06,2024-06-03,6,Yes,0,4794,303,6.34,Yes,10
DEL00444,SUP-006,ClearSeal Packaging,Packaging,2024-06,2024-06-06,2024-06-05,12,Yes,0,6659,130,1.97,Yes,8
DEL00036,SUP-001,Prairie Grain Co.,Raw Ingredients,2024-06,2024-06-07,2024-06-07,7,Yes,0,7331,39,0.54,Yes,18
DEL00120,SUP-002,Maple Packaging Ltd.,Packaging,2024-06,2024-06-07,2024-06-03,11,Yes,0,7458,423,5.68,Yes,14
DEL00208,SUP-003,Great Lakes Dairy Supply,Raw Ingredients,2024-06,2024-06-07,2024-06-03,7,Yes,0,5222,50,0.97,Yes,12
DEL00379,SUP-005,Westcoast Oils Inc.,Raw Ingredients,2024-06,2024-06-07,2024-06-06,7,Yes,0,2926,12,0.44,Yes,9
DEL00516,SUP-007,Rocky Mountain Spices,Additives,2024-06,2024-06-07,2024-06-02,8,Yes,0,6390,41,0.66,Yes,7
DEL00732,SUP-010,EcoBox Solutions,Packaging,2024-06,2024-06-07,2024-06-03,8,Yes,0,590,24,4.16,Yes,6
DEL00207,SUP-003,Great Lakes Dairy Supply,Raw Ingredients,2024-06,2024-06-08,2024-06-05,6,Yes,0,2863,74,2.61,Yes,12
DEL00445,SUP-006,ClearSeal Packaging,Packaging,2024-06,2024-06-09,2024-06-06,5,Yes,0,3968,80,2.02,Yes,8
DEL00378,SUP-005,Westcoast Oils Inc.,Raw Ingredients,2024-06,2024-06-11,2024-06-10,7,Yes,0,5190,40,0.78,Yes,9
DEL00519,SUP-007,Rocky Mountain Spices,Additives,2024-06,2024-06-11,2024-06-07,8,Yes,0,1802,15,0.83,Yes,7
DEL00588,SUP-008,Atlantic Seafood Supply,Raw Ingredients,2024-06,2024-06-11,2024-06-08,15,Yes,0,7451,334,4.49,Yes,7
DEL00735,SUP-010,EcoBox Solutions,Packaging,2024-06,2024-06-11,2024-06-08,7,No,11,7584,242,3.2,Yes,6
DEL00123,SUP-002,Maple Packaging Ltd.,Packaging,2024-06,2024-06-12,2024-06-12,14,No,2,5884,418,7.11,Yes,14
DEL00210,SUP-003,Great Lakes Dairy Supply,Raw Ingredients,2024-06,2024-06-12,2024-06-10,12,Yes,0,7469,181,2.43,Yes,12
DEL00300,SUP-004,Ontario Fresh Produce,Raw Ingredients,2024-06,2024-06-12,2024-06-11,10,Yes,0,7289,384,5.28,Yes,10
DEL00302,SUP-004,Ontario Fresh Produce,Raw Ingredients,2024-06,2024-06-12,2024-06-11,10,Yes,0,7631,371,4.87,Yes,10
DEL00593,SUP-008,Atlantic Seafood Supply,Raw Ingredients,2024-06,2024-06-12,2024-06-09,13,Yes,0,2900,108,3.73,Yes,7
DEL00205,SUP-003,Great Lakes Dairy Supply,Raw Ingredients,2024-06,2024-06-14,2024-06-14,6,Yes,0,6529,109,1.67,Yes,12
DEL00212,SUP-003,Great Lakes Dairy Supply,Raw Ingredients,2024-06,2024-06-14,2024-06-13,11,Yes,0,1777,48,2.71,Yes,12
DEL00447,SUP-006,ClearSeal Packaging,Packaging,2024-06,2024-06-14,2024-06-11,12,Yes,0,5356,63,1.19,Yes,8
DEL00449,SUP-006,ClearSeal Packaging,Packaging,2024-06,2024-06-14,2024-06-12,7,Yes,0,3932,74,1.9,Yes,8
DEL00590,SUP-008,Atlantic Seafood Supply,Raw Ingredients,2024-06,2024-06-14,2024-06-13,14,No,1,2778,136,4.92,Yes,7
DEL00664,SUP-009,Northern Flavours Ltd.,Additives,2024-06,2024-06-14,2024-06-11,11,Yes,0,2192,33,1.51,Yes,9
DEL00206,SUP-003,Great Lakes Dairy Supply,Raw Ingredients,2024-06,2024-06-15,2024-06-13,8,No,5,7597,251,3.32,Yes,12
DEL00301,SUP-004,Ontario Fresh Produce,Raw Ingredients,2024-06,2024-06-15,2024-06-14,8,Yes,0,3812,228,6.0,Yes,10
DEL00592,SUP-008,Atlantic Seafood Supply,Raw Ingredients,2024-06,2024-06-16,2024-06-11,14,No,4,702,42,6.09,No,7
DEL00665,SUP-009,Northern Flavours Ltd.,Additives,2024-06,2024-06-16,2024-06-16,10,Yes,0,7764,205,2.65,Yes,9
DEL00666,SUP-009,Northern Flavours Ltd.,Additives,2024-06,2024-06-16,2024-06-11,10,Yes,0,4943,89,1.81,No,9
DEL00733,SUP-010,EcoBox Solutions,Packaging,2024-06,2024-06-16,2024-06-16,12,Yes,0,5528,140,2.54,Yes,6
DEL00737,SUP-010,EcoBox Solutions,Packaging,2024-06,2024-06-16,2024-06-15,10,Yes,0,1768,24,1.39,Yes,6
DEL00037,SUP-001,Prairie Grain Co.,Raw Ingredients,2024-06,2024-06-17,2024-06-12,7,Yes,0,6548,55,0.85,Yes,18
DEL00446,SUP-006,ClearSeal Packaging,Packaging,2024-06,2024-06-17,2024-06-16,14,Yes,0,2156,77,3.58,Yes,8
DEL00736,SUP-010,EcoBox Solutions,Packaging,2024-06,2024-06-18,2024-06-15,12,No,1,1455,42,2.94,Yes,6
DEL00517,SUP-007,Rocky Mountain Spices,Additives,2024-06,2024-06-19,2024-06-19,7,Yes,0,6957,83,1.19,Yes,7
DEL00520,SUP-007,Rocky Mountain Spices,Additives,2024-06,2024-06-19,2024-06-16,8,Yes,0,1650,8,0.5,Yes,7
DEL00035,SUP-001,Prairie Grain Co.,Raw Ingredients,2024-06,2024-06-20,2024-06-16,6,Yes,0,7875,60,0.76,Yes,18
DEL00518,SUP-007,Rocky Mountain Spices,Additives,2024-06,2024-06-21,2024-06-18,7,Yes,0,4740,17,0.37,Yes,7
DEL00734,SUP-010,EcoBox Solutions,Packaging,2024-06,2024-06-21,2024-06-21,9,Yes,0,6765,159,2.36,No,6
DEL00121,SUP-002,Maple Packaging Ltd.,Packaging,2024-06,2024-06-22,2024-06-20,13,No,3,4513,269,5.98,Yes,14
DEL00204,SUP-003,Great Lakes Dairy Supply,Raw Ingredients,2024-06,2024-06-22,2024-06-22,9,Yes,0,3781,106,2.8,Yes,12
DEL00299,SUP-004,Ontario Fresh Produce,Raw Ingredients,2024-06,2024-06-22,2024-06-20,9,No,4,4925,272,5.54,Yes,10
DEL00034,SUP-001,Prairie Grain Co.,Raw Ingredients,2024-06,2024-06-23,2024-06-23,7,Yes,0,6628,48,0.74,No,18
DEL00124,SUP-002,Maple Packaging Ltd.,Packaging,2024-06,2024-06-23,2024-06-19,20,Yes,0,618,32,5.2,No,14
DEL00380,SUP-005,Westcoast Oils Inc.,Raw Ingredients,2024-06,2024-06-24,2024-06-21,6,Yes,0,2818,12,0.43,Yes,9
DEL00586,SUP-008,Atlantic Seafood Supply,Raw Ingredients,2024-06,2024-06-24,2024-06-19,11,No,9,3211,188,5.86,Yes,7
DEL00122,SUP-002,Maple Packaging Ltd.,Packaging,2024-06,2024-06-25,2024-06-21,21,Yes,0,2447,104,4.27,No,14
DEL00211,SUP-003,Great Lakes Dairy Supply,Raw Ingredients,2024-06,2024-06-25,2024-06-23,10,Yes,0,7276,126,1.74,Yes,12
DEL00305,SUP-004,Ontario Fresh Produce,Raw Ingredients,2024-06,2024-06-25,2024-06-20,14,Yes,0,7161,411,5.74,No,10
DEL00376,SUP-005,Westcoast Oils Inc.,Raw Ingredients,2024-06,2024-06-25,2024-06-24,9,Yes,0,5233,49,0.94,Yes,9
DEL00589,SUP-008,Atlantic Seafood Supply,Raw Ingredients,2024-06,2024-06-26,2024-06-21,19,Yes,0,5876,270,4.6,Yes,7
DEL00591,SUP-008,Atlantic Seafood Supply,Raw Ingredients,2024-06,2024-06-26,2024-06-24,16,No,12,1466,84,5.79,Yes,7
DEL00667,SUP-009,Northern Flavours Ltd.,Additives,2024-06,2024-06-26,2024-06-25,8,Yes,0,7086,171,2.41,Yes,9
DEL00038,SUP-001,Prairie Grain Co.,Raw Ingredients,2024-06,2024-06-27,2024-06-22,8,Yes,0,3675,22,0.61,Yes,18
DEL00304,SUP-004,Ontario Fresh Produce,Raw Ingredients,2024-06,2024-06-27,2024-06-27,15,No,5,5267,191,3.63,Yes,10
DEL00377,SUP-005,Westcoast Oils Inc.,Raw Ingredients,2024-06,2024-06-27,2024-06-26,7,Yes,0,7020,71,1.02,Yes,9
DEL00209,SUP-003,Great Lakes Dairy Supply,Raw Ingredients,2024-06,2024-06-28,2024-06-23,13,No,7,1135,33,2.99,No,12
DEL00673,SUP-009,Northern Flavours Ltd.,Additives,2024-07,2024-07-01,2024-06-26,7,Yes,0,7635,220,2.89,Yes,9
DEL00312,SUP-004,Ontario Fresh Produce,Raw Ingredients,2024-07,2024-07-02,2024-06-29,18,Yes,0,3080,154,5.03,Yes,10
DEL00125,SUP-002,Maple Packaging Ltd.,Packaging,2024-07,2024-07-03,2024-06-28,18,No,10,1821,129,7.13,Yes,14
DEL00217,SUP-003,Great Lakes Dairy Supply,Raw Ingredients,2024-07,2024-07-03,2024-06-30,14,Yes,0,7235,153,2.12,Yes,12
DEL00741,SUP-010,EcoBox Solutions,Packaging,2024-07,2024-07-03,2024-07-02,13,Yes,0,4226,88,2.09,Yes,6
DEL00743,SUP-010,EcoBox Solutions,Packaging,2024-07,2024-07-03,2024-07-02,14,Yes,0,3035,74,2.47,Yes,6
DEL00044,SUP-001,Prairie Grain Co.,Raw Ingredients,2024-07,2024-07-04,2024-06-30,7,Yes,0,1517,16,1.08,Yes,18
DEL00310,SUP-004,Ontario Fresh Produce,Raw Ingredients,2024-07,2024-07-04,2024-06-30,8,No,10,1972,56,2.88,Yes,10
DEL00525,SUP-007,Rocky Mountain Spices,Additives,2024-07,2024-07-04,2024-07-03,7,Yes,0,3763,34,0.92,Yes,7
DEL00672,SUP-009,Northern Flavours Ltd.,Additives,2024-07,2024-07-04,2024-07-04,8,Yes,0,2247,53,2.39,Yes,9
DEL00041,SUP-001,Prairie Grain Co.,Raw Ingredients,2024-07,2024-07-05,2024-07-02,6,Yes,0,4861,30,0.63,Yes,18
DEL00458,SUP-006,ClearSeal Packaging,Packaging,2024-07,2024-07-05,2024-07-05,10,Yes,0,6167,108,1.76,Yes,8
DEL00740,SUP-010,EcoBox Solutions,Packaging,2024-07,2024-07-05,2024-07-03,8,Yes,0,5720,60,1.05,Yes,6
DEL00381,SUP-005,Westcoast Oils Inc.,Raw Ingredients,2024-07,2024-07-06,2024-07-05,6,Yes,0,7929,79,1.0,Yes,9
DEL00524,SUP-007,Rocky Mountain Spices,Additives,2024-07,2024-07-06,2024-07-05,6,Yes,0,723,5,0.74,Yes,7
DEL00042,SUP-001,Prairie Grain Co.,Raw Ingredients,2024-07,2024-07-07,2024-07-02,6,Yes,0,6424,42,0.67,Yes,18
DEL00127,SUP-002,Maple Packaging Ltd.,Packaging,2024-07,2024-07-07,2024-07-07,15,No,1,7606,371,4.88,Yes,14
DEL00601,SUP-008,Atlantic Seafood Supply,Raw Ingredients,2024-07,2024-07-07,2024-07-03,16,Yes,0,790,54,6.96,Yes,7
DEL00671,SUP-009,Northern Flavours Ltd.,Additives,2024-07,2024-07-07,2024-07-02,11,No,8,1066,28,2.71,No,9
DEL00742,SUP-010,EcoBox Solutions,Packaging,2024-07,2024-07-07,2024-07-04,16,Yes,0,6842,207,3.04,Yes,6
DEL00306,SUP-004,Ontario Fresh Produce,Raw Ingredients,2024-07,2024-07-08,2024-07-03,15,No,3,841,42,5.0,Yes,10
DEL00043,SUP-001,Prairie Grain Co.,Raw Ingredients,2024-07,2024-07-09,2024-07-05,6,Yes,0,1178,11,0.97,Yes,18
DEL00311,SUP-004,Ontario Fresh Produce,Raw Ingredients,2024-07,2024-07-09,2024-07-08,12,No,6,5252,270,5.15,Yes,10
DEL00450,SUP-006,ClearSeal Packaging,Packaging,2024-07,2024-07-09,2024-07-09,13,Yes,0,4123,90,2.2,Yes,8
DEL00526,SUP-007,Rocky Mountain Spices,Additives,2024-07,2024-07-09,2024-07-08,6,Yes,0,685,6,0.88,Yes,7
DEL00126,SUP-002,Maple Packaging Ltd.,Packaging,2024-07,2024-07-11,2024-07-09,8,Yes,0,626,34,5.52,No,14
DEL00596,SUP-008,Atlantic Seafood Supply,Raw Ingredients,2024-07,2024-07-11,2024-07-10,23,No,12,3302,119,3.61,Yes,7
DEL00220,SUP-003,Great Lakes Dairy Supply,Raw Ingredients,2024-07,2024-07-13,2024-07-11,6,Yes,0,2421,91,3.79,Yes,12
DEL00384,SUP-005,Westcoast Oils Inc.,Raw Ingredients,2024-07,2024-07-13,2024-07-08,5,Yes,0,2551,17,0.69,Yes,9
DEL00214,SUP-003,Great Lakes Dairy Supply,Raw Ingredients,2024-07,2024-07-14,2024-07-10,11,No,1,1011,18,1.86,Yes,12
DEL00216,SUP-003,Great Lakes Dairy Supply,Raw Ingredients,2024-07,2024-07-14,2024-07-14,10,Yes,0,3205,94,2.96,No,12
DEL00599,SUP-008,Atlantic Seafood Supply,Raw Ingredients,2024-07,2024-07-14,2024-07-11,10,No,2,6034,310,5.14,Yes,7
DEL00738,SUP-010,EcoBox Solutions,Packaging,2024-07,2024-07-15,2024-07-14,16,No,3,6246,131,2.1,Yes,6
DEL00218,SUP-003,Great Lakes Dairy Supply,Raw Ingredients,2024-07,2024-07-16,2024-07-15,11,No,9,7477,60,0.8,No,12
DEL00308,SUP-004,Ontario Fresh Produce,Raw Ingredients,2024-07,2024-07-16,2024-07-15,16,No,10,5803,240,4.15,Yes,10
DEL00453,SUP-006,ClearSeal Packaging,Packaging,2024-07,2024-07-16,2024-07-11,11,Yes,0,7644,246,3.22,Yes,8
DEL00598,SUP-008,Atlantic Seafood Supply,Raw Ingredients,2024-07,2024-07-16,2024-07-12,10,Yes,0,6530,246,3.78,Yes,7
DEL00744,SUP-010,EcoBox Solutions,Packaging,2024-07,2024-07-16,2024-07-12,12,Yes,0,3700,19,0.52,Yes,6
DEL00128,SUP-002,Maple Packaging Ltd.,Packaging,2024-07,2024-07-17,2024-07-14,17,Yes,0,1420,81,5.77,Yes,14
DEL00219,SUP-003,Great Lakes Dairy Supply,Raw Ingredients,2024-07,2024-07-17,2024-07-15,12,Yes,0,6807,230,3.39,Yes,12
DEL00669,SUP-009,Northern Flavours Ltd.,Additives,2024-07,2024-07-17,2024-07-15,10,Yes,0,2093,25,1.21,Yes,9
DEL00457,SUP-006,ClearSeal Packaging,Packaging,2024-07,2024-07-18,2024-07-16,9,Yes,0,2217,47,2.12,Yes,8
DEL00674,SUP-009,Northern Flavours Ltd.,Additives,2024-07,2024-07-18,2024-07-14,10,Yes,0,7956,159,2.01,Yes,9
DEL00739,SUP-010,EcoBox Solutions,Packaging,2024-07,2024-07-18,2024-07-16,10,Yes,0,5871,107,1.83,Yes,6
DEL00223,SUP-003,Great Lakes Dairy Supply,Raw Ingredients,2024-07,2024-07-20,2024-07-19,11,No,5,7667,162,2.12,Yes,12
DEL00307,SUP-004,Ontario Fresh Produce,Raw Ingredients,2024-07,2024-07-20,2024-07-17,13,Yes,0,587,31,5.44,Yes,10
DEL00382,SUP-005,Westcoast Oils Inc.,Raw Ingredients,2024-07,2024-07-20,2024-07-17,5,Yes,0,2888,18,0.63,Yes,9
DEL00456,SUP-006,ClearSeal Packaging,Packaging,2024-07,2024-07-20,2024-07-18,5,Yes,0,1581,35,2.25,Yes,8
DEL00600,SUP-008,Atlantic Seafood Supply,Raw Ingredients,2024-07,2024-07-20,2024-07-20,16,No,9,6099,152,2.5,Yes,7
DEL00670,SUP-009,Northern Flavours Ltd.,Additives,2024-07,2024-07-20,2024-07-19,9,Yes,0,4368,103,2.37,Yes,9
DEL00045,SUP-001,Prairie Grain Co.,Raw Ingredients,2024-07,2024-07-21,2024-07-18,6,Yes,0,6564,77,1.19,Yes,18
DEL00040,SUP-001,Prairie Grain Co.,Raw Ingredients,2024-07,2024-07-22,2024-07-18,8,No,7,7606,31,0.41,Yes,18
DEL00130,SUP-002,Maple Packaging Ltd.,Packaging,2024-07,2024-07-22,2024-07-22,11,Yes,0,2735,109,4.0,Yes,14
DEL00309,SUP-004,Ontario Fresh Produce,Raw Ingredients,2024-07,2024-07-22,2024-07-20,21,Yes,0,2196,88,4.05,Yes,10
DEL00385,SUP-005,Westcoast Oils Inc.,Raw Ingredients,2024-07,2024-07-22,2024-07-18,7,Yes,0,4342,49,1.13,Yes,9
DEL00460,SUP-006,ClearSeal Packaging,Packaging,2024-07,2024-07-22,2024-07-21,8,Yes,0,3321,26,0.81,Yes,8
DEL00668,SUP-009,Northern Flavours Ltd.,Additives,2024-07,2024-07-22,2024-07-22,9,Yes,0,1240,23,1.93,Yes,9
DEL00215,SUP-003,Great Lakes Dairy Supply,Raw Ingredients,2024-07,2024-07-23,2024-07-18,7,Yes,0,1672,67,4.01,Yes,12
DEL00451,SUP-006,ClearSeal Packaging,Packaging,2024-07,2024-07-23,2024-07-19,8,Yes,0,911,31,3.44,Yes,8
DEL00454,SUP-006,ClearSeal Packaging,Packaging,2024-07,2024-07-23,2024-07-20,8,No,10,1087,29,2.7,Yes,8
DEL00521,SUP-007,Rocky Mountain Spices,Additives,2024-07,2024-07-23,2024-07-20,7,Yes,0,5192,46,0.89,Yes,7
DEL00383,SUP-005,Westcoast Oils Inc.,Raw Ingredients,2024-07,2024-07-24,2024-07-20,5,Yes,0,959,3,0.39,Yes,9
DEL00455,SUP-006,ClearSeal Packaging,Packaging,2024-07,2024-07-24,2024-07-20,7,Yes,0,4521,140,3.1,Yes,8
DEL00523,SUP-007,Rocky Mountain Spices,Additives,2024-07,2024-07-24,2024-07-23,8,Yes,0,4719,47,1.0,Yes,7
DEL00129,SUP-002,Maple Packaging Ltd.,Packaging,2024-07,2024-07-25,2024-07-20,13,No,4,6117,301,4.93,Yes,14
DEL00594,SUP-008,Atlantic Seafood Supply,Raw Ingredients,2024-07,2024-07-25,2024-07-21,12,No,4,1963,113,5.78,No,7
DEL00459,SUP-006,ClearSeal Packaging,Packaging,2024-07,2024-07-26,2024-07-25,4,Yes,0,6127,82,1.35,Yes,8
DEL00213,SUP-003,Great Lakes Dairy Supply,Raw Ingredients,2024-07,2024-07-27,2024-07-25,13,Yes,0,2959,54,1.85,Yes,12
DEL00221,SUP-003,Great Lakes Dairy Supply,Raw Ingredients,2024-07,2024-07-27,2024-07-24,10,Yes,0,990,10,1.11,Yes,12
DEL00222,SUP-003,Great Lakes Dairy Supply,Raw Ingredients,2024-07,2024-07-27,2024-07-27,9,Yes,0,7595,144,1.91,Yes,12
DEL00522,SUP-007,Rocky Mountain Spices,Additives,2024-07,2024-07-27,2024-07-23,7,Yes,0,2531,31,1.25,Yes,7
DEL00597,SUP-008,Atlantic Seafood Supply,Raw Ingredients,2024-07,2024-07-27,2024-07-22,11,No,5,6840,169,2.47,No,7
DEL00452,SUP-006,ClearSeal Packaging,Packaging,2024-07,2024-07-28,2024-07-27,11,Yes,0,7921,158,2.0,Yes,8
DEL00595,SUP-008,Atlantic Seafood Supply,Raw Ingredients,2024-07,2024-07-28,2024-07-28,20,Yes,0,1386,81,5.91,No,7
DEL00313,SUP-004,Ontario Fresh Produce,Raw Ingredients,2024-08,2024-08-01,2024-07-29,8,Yes,0,4827,117,2.43,Yes,10
DEL00607,SUP-008,Atlantic Seafood Supply,Raw Ingredients,2024-08,2024-08-01,2024-07-27,14,No,8,4472,161,3.61,Yes,7
DEL00675,SUP-009,Northern Flavours Ltd.,Additives,2024-08,2024-08-01,2024-07-27,15,Yes,0,5743,143,2.51,Yes,9
DEL00049,SUP-001,Prairie Grain Co.,Raw Ingredients,2024-08,2024-08-02,2024-08-02,7,Yes,0,3592,12,0.34,Yes,18
DEL00226,SUP-003,Great Lakes Dairy Supply,Raw Ingredients,2024-08,2024-08-02,2024-07-30,9,Yes,0,1422,37,2.62,Yes,12
DEL00135,SUP-002,Maple Packaging Ltd.,Packaging,2024-08,2024-08-03,2024-07-29,6,No,1,4142,187,4.53,No,14
DEL00229,SUP-003,Great Lakes Dairy Supply,Raw Ingredients,2024-08,2024-08-03,2024-08-02,18,Yes,0,1682,38,2.32,No,12
DEL00676,SUP-009,Northern Flavours Ltd.,Additives,2024-08,2024-08-03,2024-07-30,11,Yes,0,3483,110,3.17,No,9
DEL00051,SUP-001,Prairie Grain Co.,Raw Ingredients,2024-08,2024-08-04,2024-07-30,7,Yes,0,6351,93,1.47,Yes,18
DEL00052,SUP-001,Prairie Grain Co.,Raw Ingredients,2024-08,2024-08-04,2024-08-04,6,Yes,0,1431,5,0.39,Yes,18
DEL00463,SUP-006,ClearSeal Packaging,Packaging,2024-08,2024-08-04,2024-07-30,9,Yes,0,3807,117,3.1,Yes,8
DEL00047,SUP-001,Prairie Grain Co.,Raw Ingredients,2024-08,2024-08-05,2024-08-02,7,Yes,0,5810,60,1.04,Yes,18
DEL00048,SUP-001,Prairie Grain Co.,Raw Ingredients,2024-08,2024-08-05,2024-08-04,6,Yes,0,1589,20,1.27,No,18
DEL00138,SUP-002,Maple Packaging Ltd.,Packaging,2024-08,2024-08-05,2024-08-03,11,Yes,0,6264,223,3.57,Yes,14
DEL00750,SUP-010,EcoBox Solutions,Packaging,2024-08,2024-08-06,2024-08-03,8,Yes,0,5073,24,0.49,Yes,6
DEL00751,SUP-010,EcoBox Solutions,Packaging,2024-08,2024-08-06,2024-08-06,11,Yes,0,5691,101,1.79,Yes,6
DEL00320,SUP-004,Ontario Fresh Produce,Raw Ingredients,2024-08,2024-08-07,2024-08-03,18,Yes,0,6590,331,5.03,Yes,10
DEL00606,SUP-008,Atlantic Seafood Supply,Raw Ingredients,2024-08,2024-08-07,2024-08-07,10,Yes,0,873,37,4.24,Yes,7
DEL00133,SUP-002,Maple Packaging Ltd.,Packaging,2024-08,2024-08-09,2024-08-08,10,Yes,0,5278,359,6.82,Yes,14
DEL00225,SUP-003,Great Lakes Dairy Supply,Raw Ingredients,2024-08,2024-08-09,2024-08-06,10,Yes,0,2403,32,1.36,Yes,12
DEL00132,SUP-002,Maple Packaging Ltd.,Packaging,2024-08,2024-08-10,2024-08-07,12,Yes,0,755,40,5.33,No,14
DEL00136,SUP-002,Maple Packaging Ltd.,Packaging,2024-08,2024-08-10,2024-08-05,14,Yes,0,6735,351,5.23,Yes,14
DEL00604,SUP-008,Atlantic Seafood Supply,Raw Ingredients,2024-08,2024-08-10,2024-08-06,19,No,6,984,65,6.62,Yes,7
DEL00745,SUP-010,EcoBox Solutions,Packaging,2024-08,2024-08-10,2024-08-08,13,Yes,0,7194,116,1.62,Yes,6
DEL00050,SUP-001,Prairie Grain Co.,Raw Ingredients,2024-08,2024-08-11,2024-08-07,7,Yes,0,1383,12,0.94,Yes,18
DEL00322,SUP-004,Ontario Fresh Produce,Raw Ingredients,2024-08,2024-08-11,2024-08-08,16,Yes,0,2881,140,4.87,Yes,10
DEL00678,SUP-009,Northern Flavours Ltd.,Additives,2024-08,2024-08-11,2024-08-11,10,Yes,0,7855,180,2.29,Yes,9
DEL00752,SUP-010,EcoBox Solutions,Packaging,2024-08,2024-08-11,2024-08-11,10,Yes,0,7387,101,1.37,No,6
DEL00389,SUP-005,Westcoast Oils Inc.,Raw Ingredients,2024-08,2024-08-12,2024-08-09,8,Yes,0,5708,33,0.59,Yes,9
DEL00677,SUP-009,Northern Flavours Ltd.,Additives,2024-08,2024-08-12,2024-08-10,8,Yes,0,1917,67,3.51,Yes,9
DEL00046,SUP-001,Prairie Grain Co.,Raw Ingredients,2024-08,2024-08-13,2024-08-13,7,Yes,0,6172,77,1.26,Yes,18
DEL00318,SUP-004,Ontario Fresh Produce,Raw Ingredients,2024-08,2024-08-13,2024-08-12,14,No,3,5428,294,5.42,Yes,10
DEL00461,SUP-006,ClearSeal Packaging,Packaging,2024-08,2024-08-13,2024-08-10,8,Yes,0,7040,143,2.03,No,8
DEL00529,SUP-007,Rocky Mountain Spices,Additives,2024-08,2024-08-13,2024-08-11,8,Yes,0,7429,9,0.13,Yes,7
DEL00679,SUP-009,Northern Flavours Ltd.,Additives,2024-08,2024-08-13,2024-08-09,11,Yes,0,2009,45,2.24,Yes,9
DEL00387,SUP-005,Westcoast Oils Inc.,Raw Ingredients,2024-08,2024-08-14,2024-08-14,5,Yes,0,7119,14,0.2,Yes,9
DEL00388,SUP-005,Westcoast Oils Inc.,Raw Ingredients,2024-08,2024-08-14,2024-08-12,8,Yes,0,7048,60,0.86,Yes,9
DEL00747,SUP-010,EcoBox Solutions,Packaging,2024-08,2024-08-14,2024-08-14,12,Yes,0,7135,103,1.44,Yes,6
DEL00227,SUP-003,Great Lakes Dairy Supply,Raw Ingredients,2024-08,2024-08-15,2024-08-10,12,Yes,0,2476,55,2.25,Yes,12
DEL00228,SUP-003,Great Lakes Dairy Supply,Raw Ingredients,2024-08,2024-08-15,2024-08-13,14,No,10,7158,147,2.06,Yes,12
DEL00680,SUP-009,Northern Flavours Ltd.,Additives,2024-08,2024-08-16,2024-08-14,13,No,9,6923,150,2.18,Yes,9
DEL00314,SUP-004,Ontario Fresh Produce,Raw Ingredients,2024-08,2024-08-17,2024-08-13,14,Yes,0,2577,81,3.15,Yes,10
DEL00530,SUP-007,Rocky Mountain Spices,Additives,2024-08,2024-08-17,2024-08-16,6,Yes,0,6520,42,0.65,Yes,7
DEL00464,SUP-006,ClearSeal Packaging,Packaging,2024-08,2024-08-18,2024-08-18,11,Yes,0,4692,113,2.43,Yes,8
DEL00532,SUP-007,Rocky Mountain Spices,Additives,2024-08,2024-08-18,2024-08-18,7,Yes,0,688,3,0.48,Yes,7
DEL00605,SUP-008,Atlantic Seafood Supply,Raw Ingredients,2024-08,2024-08-18,2024-08-18,13,Yes,0,5123,248,4.85,Yes,7
DEL00137,SUP-002,Maple Packaging Ltd.,Packaging,2024-08,2024-08-19,2024-08-15,9,No,6,3150,249,7.92,No,14
DEL00139,SUP-002,Maple Packaging Ltd.,Packaging,2024-08,2024-08-19,2024-08-19,17,Yes,0,6592,290,4.41,No,14
DEL00321,SUP-004,Ontario Fresh Produce,Raw Ingredients,2024-08,2024-08-19,2024-08-16,18,Yes,0,1370,41,3.03,Yes,10
DEL00465,SUP-006,ClearSeal Packaging,Packaging,2024-08,2024-08-19,2024-08-14,7,Yes,0,3534,44,1.26,Yes,8
DEL00317,SUP-004,Ontario Fresh Produce,Raw Ingredients,2024-08,2024-08-20,2024-08-18,14,Yes,0,7274,364,5.02,No,10
DEL00134,SUP-002,Maple Packaging Ltd.,Packaging,2024-08,2024-08-21,2024-08-19,14,No,8,6779,332,4.91,Yes,14
DEL00319,SUP-004,Ontario Fresh Produce,Raw Ingredients,2024-08,2024-08-21,2024-08-17,17,No,12,6860,379,5.54,Yes,10
DEL00462,SUP-006,ClearSeal Packaging,Packaging,2024-08,2024-08-21,2024-08-16,7,Yes,0,7383,108,1.47,Yes,8
DEL00527,SUP-007,Rocky Mountain Spices,Additives,2024-08,2024-08-21,2024-08-18,7,Yes,0,3116,36,1.18,Yes,7
DEL00602,SUP-008,Atlantic Seafood Supply,Raw Ingredients,2024-08,2024-08-21,2024-08-16,14,Yes,0,2698,75,2.8,Yes,7
DEL00681,SUP-009,Northern Flavours Ltd.,Additives,2024-08,2024-08-21,2024-08-18,12,Yes,0,5522,122,2.21,Yes,9
DEL00746,SUP-010,EcoBox Solutions,Packaging,2024-08,2024-08-22,2024-08-18,10,No,1,2522,53,2.12,Yes,6
DEL00386,SUP-005,Westcoast Oils Inc.,Raw Ingredients,2024-08,2024-08-24,2024-08-20,8,Yes,0,3499,11,0.33,Yes,9
DEL00603,SUP-008,Atlantic Seafood Supply,Raw Ingredients,2024-08,2024-08-24,2024-08-21,5,No,11,2699,109,4.06,No,7
DEL00131,SUP-002,Maple Packaging Ltd.,Packaging,2024-08,2024-08-25,2024-08-22,10,Yes,0,1205,26,2.18,Yes,14
DEL00528,SUP-007,Rocky Mountain Spices,Additives,2024-08,2024-08-25,2024-08-23,7,Yes,0,3658,28,0.79,Yes,7
DEL00531,SUP-007,Rocky Mountain Spices,Additives,2024-08,2024-08-25,2024-08-22,6,No,4,2983,29,1.0,Yes,7
DEL00748,SUP-010,EcoBox Solutions,Packaging,2024-08,2024-08-25,2024-08-25,8,Yes,0,2517,46,1.86,Yes,6
DEL00315,SUP-004,Ontario Fresh Produce,Raw Ingredients,2024-08,2024-08-26,2024-08-25,10,No,1,7625,555,7.28,No,10
DEL00316,SUP-004,Ontario Fresh Produce,Raw Ingredients,2024-08,2024-08-26,2024-08-26,15,No,4,1104,64,5.8,Yes,10
DEL00749,SUP-010,EcoBox Solutions,Packaging,2024-08,2024-08-26,2024-08-22,7,Yes,0,5201,72,1.4,Yes,6
DEL00224,SUP-003,Great Lakes Dairy Supply,Raw Ingredients,2024-08,2024-08-27,2024-08-25,8,Yes,0,7037,87,1.24,Yes,12
DEL00685,SUP-009,Northern Flavours Ltd.,Additives,2024-09,2024-09-01,2024-08-31,11,Yes,0,4814,150,3.13,Yes,9
DEL00324,SUP-004,Ontario Fresh Produce,Raw Ingredients,2024-09,2024-09-02,2024-08-29,16,Yes,0,7614,380,4.99,Yes,10
DEL00392,SUP-005,Westcoast Oils Inc.,Raw Ingredients,2024-09,2024-09-02,2024-08-29,6,Yes,0,6933,34,0.5,Yes,9
DEL00230,SUP-003,Great Lakes Dairy Supply,Raw Ingredients,2024-09,2024-09-04,2024-09-01,7,Yes,0,7534,188,2.5,Yes,12
DEL00394,SUP-005,Westcoast Oils Inc.,Raw Ingredients,2024-09,2024-09-05,2024-09-01,8,Yes,0,7661,83,1.09,Yes,9
DEL00475,SUP-006,ClearSeal Packaging,Packaging,2024-09,2024-09-06,2024-09-02,13,Yes,0,4324,115,2.68,Yes,8
DEL00611,SUP-008,Atlantic Seafood Supply,Raw Ingredients,2024-09,2024-09-06,2024-09-05,15,Yes,0,7076,577,8.17,Yes,7
DEL00140,SUP-002,Maple Packaging Ltd.,Packaging,2024-09,2024-09-07,2024-09-07,12,Yes,0,6544,285,4.36,Yes,14
DEL00754,SUP-010,EcoBox Solutions,Packaging,2024-09,2024-09-07,2024-09-03,8,Yes,0,3267,75,2.32,Yes,6
DEL00240,SUP-003,Great Lakes Dairy Supply,Raw Ingredients,2024-09,2024-09-08,2024-09-04,11,Yes,0,7773,179,2.3,Yes,12
DEL00393,SUP-005,Westcoast Oils Inc.,Raw Ingredients,2024-09,2024-09-08,2024-09-06,7,Yes,0,899,8,0.9,Yes,9
DEL00756,SUP-010,EcoBox Solutions,Packaging,2024-09,2024-09-08,2024-09-08,9,No,5,1393,44,3.17,Yes,6
DEL00327,SUP-004,Ontario Fresh Produce,Raw Ingredients,2024-09,2024-09-09,2024-09-07,11,Yes,0,6462,237,3.67,Yes,10
DEL00608,SUP-008,Atlantic Seafood Supply,Raw Ingredients,2024-09,2024-09-09,2024-09-06,13,No,11,5316,230,4.34,Yes,7
DEL00755,SUP-010,EcoBox Solutions,Packaging,2024-09,2024-09-09,2024-09-07,8,No,6,3151,72,2.31,Yes,6
DEL00231,SUP-003,Great Lakes Dairy Supply,Raw Ingredients,2024-09,2024-09-10,2024-09-06,9,Yes,0,4049,76,1.89,Yes,12
DEL00053,SUP-001,Prairie Grain Co.,Raw Ingredients,2024-09,2024-09-11,2024-09-08,7,Yes,0,1926,14,0.73,Yes,18
DEL00144,SUP-002,Maple Packaging Ltd.,Packaging,2024-09,2024-09-11,2024-09-06,15,No,8,6656,318,4.78,Yes,14
DEL00239,SUP-003,Great Lakes Dairy Supply,Raw Ingredients,2024-09,2024-09-11,2024-09-09,12,No,4,4278,101,2.38,Yes,12
DEL00328,SUP-004,Ontario Fresh Produce,Raw Ingredients,2024-09,2024-09-11,2024-09-06,15,Yes,0,4413,191,4.34,Yes,10
DEL00471,SUP-006,ClearSeal Packaging,Packaging,2024-09,2024-09-11,2024-09-10,7,Yes,0,3966,120,3.04,Yes,8
DEL00145,SUP-002,Maple Packaging Ltd.,Packaging,2024-09,2024-09-12,2024-09-09,13,Yes,0,1890,42,2.23,Yes,14
DEL00323,SUP-004,Ontario Fresh Produce,Raw Ingredients,2024-09,2024-09-12,2024-09-09,8,Yes,0,4114,152,3.71,Yes,10
DEL00535,SUP-007,Rocky Mountain Spices,Additives,2024-09,2024-09-12,2024-09-09,6,Yes,0,6793,74,1.1,Yes,7
DEL00055,SUP-001,Prairie Grain Co.,Raw Ingredients,2024-09,2024-09-13,2024-09-09,7,No,7,6402,61,0.96,Yes,18
DEL00060,SUP-001,Prairie Grain Co.,Raw Ingredients,2024-09,2024-09-13,2024-09-09,7,Yes,0,550,1,0.2,Yes,18
DEL00143,SUP-002,Maple Packaging Ltd.,Packaging,2024-09,2024-09-13,2024-09-10,16,Yes,0,3604,150,4.19,Yes,14
DEL00237,SUP-003,Great Lakes Dairy Supply,Raw Ingredients,2024-09,2024-09-13,2024-09-10,10,No,10,2604,81,3.11,Yes,12
DEL00536,SUP-007,Rocky Mountain Spices,Additives,2024-09,2024-09-14,2024-09-13,6,Yes,0,5642,23,0.42,Yes,7
DEL00146,SUP-002,Maple Packaging Ltd.,Packaging,2024-09,2024-09-15,2024-09-13,17,Yes,0,7847,333,4.25,Yes,14
DEL00233,SUP-003,Great Lakes Dairy Supply,Raw Ingredients,2024-09,2024-09-15,2024-09-12,8,Yes,0,2744,37,1.36,Yes,12
DEL00234,SUP-003,Great Lakes Dairy Supply,Raw Ingredients,2024-09,2024-09-15,2024-09-15,12,Yes,0,7189,219,3.05,Yes,12
DEL00236,SUP-003,Great Lakes Dairy Supply,Raw Ingredients,2024-09,2024-09-15,2024-09-11,9,Yes,0,6918,261,3.78,Yes,12
DEL00325,SUP-004,Ontario Fresh Produce,Raw Ingredients,2024-09,2024-09-15,2024-09-12,6,Yes,0,553,23,4.26,Yes,10
DEL00610,SUP-008,Atlantic Seafood Supply,Raw Ingredients,2024-09,2024-09-15,2024-09-11,11,Yes,0,6413,369,5.76,Yes,7
DEL00683,SUP-009,Northern Flavours Ltd.,Additives,2024-09,2024-09-15,2024-09-15,12,Yes,0,5254,95,1.81,Yes,9
DEL00142,SUP-002,Maple Packaging Ltd.,Packaging,2024-09,2024-09-16,2024-09-12,18,No,5,7765,291,3.76,No,14
DEL00468,SUP-006,ClearSeal Packaging,Packaging,2024-09,2024-09-16,2024-09-11,7,Yes,0,7221,114,1.58,Yes,8
DEL00684,SUP-009,Northern Flavours Ltd.,Additives,2024-09,2024-09-16,2024-09-15,8,Yes,0,5221,128,2.45,Yes,9
DEL00058,SUP-001,Prairie Grain Co.,Raw Ingredients,2024-09,2024-09-17,2024-09-12,5,Yes,0,2780,28,1.02,Yes,18
DEL00232,SUP-003,Great Lakes Dairy Supply,Raw Ingredients,2024-09,2024-09-17,2024-09-14,13,Yes,0,5139,121,2.36,Yes,12
DEL00391,SUP-005,Westcoast Oils Inc.,Raw Ingredients,2024-09,2024-09-17,2024-09-17,7,Yes,0,6911,33,0.48,Yes,9
DEL00534,SUP-007,Rocky Mountain Spices,Additives,2024-09,2024-09-17,2024-09-12,7,Yes,0,4138,41,1.01,Yes,7
DEL00537,SUP-007,Rocky Mountain Spices,Additives,2024-09,2024-09-17,2024-09-17,7,Yes,0,2081,16,0.77,Yes,7
DEL00682,SUP-009,Northern Flavours Ltd.,Additives,2024-09,2024-09-17,2024-09-13,8,No,6,7406,146,1.97,No,9
DEL00238,SUP-003,Great Lakes Dairy Supply,Raw Ingredients,2024-09,2024-09-18,2024-09-16,15,Yes,0,1647,44,2.69,Yes,12
DEL00609,SUP-008,Atlantic Seafood Supply,Raw Ingredients,2024-09,2024-09-18,2024-09-18,6,Yes,0,6304,291,4.62,No,7
DEL00054,SUP-001,Prairie Grain Co.,Raw Ingredients,2024-09,2024-09-19,2024-09-16,5,Yes,0,2113,15,0.72,Yes,18
DEL00141,SUP-002,Maple Packaging Ltd.,Packaging,2024-09,2024-09-20,2024-09-18,11,Yes,0,1442,105,7.33,No,14
DEL00467,SUP-006,ClearSeal Packaging,Packaging,2024-09,2024-09-21,2024-09-18,16,Yes,0,3456,78,2.28,Yes,8
DEL00470,SUP-006,ClearSeal Packaging,Packaging,2024-09,2024-09-21,2024-09-20,10,Yes,0,3825,74,1.95,Yes,8
DEL00533,SUP-007,Rocky Mountain Spices,Additives,2024-09,2024-09-21,2024-09-18,6,Yes,0,4774,65,1.38,Yes,7
DEL00059,SUP-001,Prairie Grain Co.,Raw Ingredients,2024-09,2024-09-22,2024-09-20,8,Yes,0,5789,64,1.11,Yes,18
DEL00235,SUP-003,Great Lakes Dairy Supply,Raw Ingredients,2024-09,2024-09-22,2024-09-18,7,No,3,5673,180,3.18,Yes,12
DEL00472,SUP-006,ClearSeal Packaging,Packaging,2024-09,2024-09-23,2024-09-23,6,Yes,0,1931,44,2.3,Yes,8
DEL00757,SUP-010,EcoBox Solutions,Packaging,2024-09,2024-09-23,2024-09-23,8,No,8,2398,79,3.34,Yes,6
DEL00057,SUP-001,Prairie Grain Co.,Raw Ingredients,2024-09,2024-09-25,2024-09-24,8,No,10,2333,30,1.3,Yes,18
DEL00326,SUP-004,Ontario Fresh Produce,Raw Ingredients,2024-09,2024-09-25,2024-09-24,13,Yes,0,1595,97,6.14,No,10
DEL00474,SUP-006,ClearSeal Packaging,Packaging,2024-09,2024-09-25,2024-09-21,12,Yes,0,2611,38,1.48,Yes,8
DEL00753,SUP-010,EcoBox Solutions,Packaging,2024-09,2024-09-25,2024-09-24,13,Yes,0,2112,37,1.78,Yes,6
DEL00390,SUP-005,Westcoast Oils Inc.,Raw Ingredients,2024-09,2024-09-26,2024-09-25,8,Yes,0,4791,46,0.97,Yes,9
DEL00473,SUP-006,ClearSeal Packaging,Packaging,2024-09,2024-09-26,2024-09-26,6,Yes,0,2844,69,2.44,Yes,8
DEL00466,SUP-006,ClearSeal Packaging,Packaging,2024-09,2024-09-27,2024-09-23,11,No,3,5958,101,1.7,Yes,8
DEL00056,SUP-001,Prairie Grain Co.,Raw Ingredients,2024-09,2024-09-28,2024-09-27,8,Yes,0,3538,24,0.69,Yes,18
DEL00469,SUP-006,ClearSeal Packaging,Packaging,2024-09,2024-09-28,2024-09-28,14,No,2,5304,97,1.83,Yes,8
DEL00758,SUP-010,EcoBox Solutions,Packaging,2024-09,2024-09-28,2024-09-23,8,Yes,0,7269,77,1.07,Yes,6
DEL00061,SUP-001,Prairie Grain Co.,Raw Ingredients,2024-10,2024-10-01,2024-09-28,8,Yes,0,1938,11,0.62,Yes,18
DEL00065,SUP-001,Prairie Grain Co.,Raw Ingredients,2024-10,2024-10-01,2024-09-30,7,Yes,0,6467,71,1.1,Yes,18
DEL00245,SUP-003,Great Lakes Dairy Supply,Raw Ingredients,2024-10,2024-10-02,2024-10-02,9,Yes,0,6927,167,2.42,Yes,12
DEL00618,SUP-008,Atlantic Seafood Supply,Raw Ingredients,2024-10,2024-10-02,2024-09-29,18,Yes,0,7241,513,7.09,No,7
DEL00246,SUP-003,Great Lakes Dairy Supply,Raw Ingredients,2024-10,2024-10-03,2024-09-29,12,Yes,0,2020,39,1.96,No,12
DEL00398,SUP-005,Westcoast Oils Inc.,Raw Ingredients,2024-10,2024-10-03,2024-09-28,8,Yes,0,554,3,0.67,Yes,9
DEL00759,SUP-010,EcoBox Solutions,Packaging,2024-10,2024-10-03,2024-10-02,13,Yes,0,6386,136,2.13,Yes,6
DEL00612,SUP-008,Atlantic Seafood Supply,Raw Ingredients,2024-10,2024-10-04,2024-10-02,15,Yes,0,5000,143,2.87,Yes,7
DEL00619,SUP-008,Atlantic Seafood Supply,Raw Ingredients,2024-10,2024-10-04,2024-10-03,8,No,6,4215,184,4.39,Yes,7
DEL00063,SUP-001,Prairie Grain Co.,Raw Ingredients,2024-10,2024-10-05,2024-10-03,8,Yes,0,949,2,0.22,Yes,18
DEL00760,SUP-010,EcoBox Solutions,Packaging,2024-10,2024-10-05,2024-09-30,9,Yes,0,1008,18,1.84,Yes,6
DEL00476,SUP-006,ClearSeal Packaging,Packaging,2024-10,2024-10-07,2024-10-03,10,No,8,1473,50,3.42,No,8
DEL00621,SUP-008,Atlantic Seafood Supply,Raw Ingredients,2024-10,2024-10-08,2024-10-05,13,Yes,0,1403,95,6.79,No,7
DEL00687,SUP-009,Northern Flavours Ltd.,Additives,2024-10,2024-10-08,2024-10-03,12,Yes,0,1960,62,3.2,Yes,9
DEL00242,SUP-003,Great Lakes Dairy Supply,Raw Ingredients,2024-10,2024-10-09,2024-10-06,9,Yes,0,3609,56,1.55,Yes,12
DEL00613,SUP-008,Atlantic Seafood Supply,Raw Ingredients,2024-10,2024-10-09,2024-10-07,22,Yes,0,7001,364,5.21,Yes,7
DEL00066,SUP-001,Prairie Grain Co.,Raw Ingredients,2024-10,2024-10-11,2024-10-10,7,Yes,0,1908,8,0.43,Yes,18
DEL00150,SUP-002,Maple Packaging Ltd.,Packaging,2024-10,2024-10-11,2024-10-10,23,Yes,0,6511,308,4.73,Yes,14
DEL00069,SUP-001,Prairie Grain Co.,Raw Ingredients,2024-10,2024-10-12,2024-10-08,6,Yes,0,6111,67,1.1,Yes,18
DEL00149,SUP-002,Maple Packaging Ltd.,Packaging,2024-10,2024-10-12,2024-10-12,16,Yes,0,696,34,5.02,Yes,14
DEL00477,SUP-006,ClearSeal Packaging,Packaging,2024-10,2024-10-12,2024-10-10,13,Yes,0,538,18,3.52,Yes,8
DEL00478,SUP-006,ClearSeal Packaging,Packaging,2024-10,2024-10-12,2024-10-07,11,Yes,0,2892,42,1.47,Yes,8
DEL00538,SUP-007,Rocky Mountain Spices,Additives,2024-10,2024-10-12,2024-10-08,5,Yes,0,4336,28,0.67,Yes,7
DEL00539,SUP-007,Rocky Mountain Spices,Additives,2024-10,2024-10-12,2024-10-08,8,Yes,0,5368,49,0.92,Yes,7
DEL00689,SUP-009,Northern Flavours Ltd.,Additives,2024-10,2024-10-12,2024-10-07,14,Yes,0,5838,204,3.5,Yes,9
DEL00762,SUP-010,EcoBox Solutions,Packaging,2024-10,2024-10-12,2024-10-11,14,Yes,0,7539,175,2.33,Yes,6
DEL00152,SUP-002,Maple Packaging Ltd.,Packaging,2024-10,2024-10-13,2024-10-11,9,Yes,0,3038,119,3.93,Yes,14
DEL00395,SUP-005,Westcoast Oils Inc.,Raw Ingredients,2024-10,2024-10-13,2024-10-10,7,Yes,0,7580,27,0.36,Yes,9
DEL00148,SUP-002,Maple Packaging Ltd.,Packaging,2024-10,2024-10-14,2024-10-11,12,No,7,6852,275,4.02,Yes,14
DEL00153,SUP-002,Maple Packaging Ltd.,Packaging,2024-10,2024-10-14,2024-10-09,12,Yes,0,3602,225,6.25,Yes,14
DEL00330,SUP-004,Ontario Fresh Produce,Raw Ingredients,2024-10,2024-10-14,2024-10-09,13,Yes,0,5938,301,5.07,Yes,10
DEL00062,SUP-001,Prairie Grain Co.,Raw Ingredients,2024-10,2024-10-15,2024-10-11,6,Yes,0,7777,14,0.18,Yes,18
DEL00247,SUP-003,Great Lakes Dairy Supply,Raw Ingredients,2024-10,2024-10-16,2024-10-15,11,Yes,0,5323,179,3.36,Yes,12
DEL00541,SUP-007,Rocky Mountain Spices,Additives,2024-10,2024-10-17,2024-10-14,6,Yes,0,5369,32,0.6,Yes,7
DEL00615,SUP-008,Atlantic Seafood Supply,Raw Ingredients,2024-10,2024-10-17,2024-10-14,9,No,3,4825,216,4.48,Yes,7
DEL00686,SUP-009,Northern Flavours Ltd.,Additives,2024-10,2024-10-17,2024-10-16,8,Yes,0,2599,61,2.38,Yes,9
DEL00399,SUP-005,Westcoast Oils Inc.,Raw Ingredients,2024-10,2024-10-18,2024-10-18,7,Yes,0,3313,43,1.31,Yes,9
DEL00616,SUP-008,Atlantic Seafood Supply,Raw Ingredients,2024-10,2024-10-18,2024-10-18,8,No,8,6910,449,6.51,No,7
DEL00147,SUP-002,Maple Packaging Ltd.,Packaging,2024-10,2024-10-19,2024-10-16,12,Yes,0,4357,150,3.45,No,14
DEL00244,SUP-003,Great Lakes Dairy Supply,Raw Ingredients,2024-10,2024-10-19,2024-10-15,12,Yes,0,6791,185,2.73,Yes,12
DEL00333,SUP-004,Ontario Fresh Produce,Raw Ingredients,2024-10,2024-10-19,2024-10-14,23,No,2,5320,233,4.39,Yes,10
DEL00617,SUP-008,Atlantic Seafood Supply,Raw Ingredients,2024-10,2024-10-19,2024-10-15,15,Yes,0,7537,433,5.75,Yes,7
DEL00067,SUP-001,Prairie Grain Co.,Raw Ingredients,2024-10,2024-10-20,2024-10-15,8,Yes,0,1882,24,1.33,No,18
DEL00068,SUP-001,Prairie Grain Co.,Raw Ingredients,2024-10,2024-10-20,2024-10-20,7,Yes,0,6933,29,0.42,Yes,18
DEL00243,SUP-003,Great Lakes Dairy Supply,Raw Ingredients,2024-10,2024-10-20,2024-10-15,7,No,3,6117,104,1.7,Yes,12
DEL00396,SUP-005,Westcoast Oils Inc.,Raw Ingredients,2024-10,2024-10-23,2024-10-23,7,Yes,0,4682,55,1.19,Yes,9
DEL00688,SUP-009,Northern Flavours Ltd.,Additives,2024-10,2024-10-24,2024-10-21,11,Yes,0,6383,80,1.27,No,9
DEL00763,SUP-010,EcoBox Solutions,Packaging,2024-10,2024-10-24,2024-10-20,7,No,3,6255,181,2.91,Yes,6
DEL00064,SUP-001,Prairie Grain Co.,Raw Ingredients,2024-10,2024-10-25,2024-10-22,7,No,3,1157,10,0.88,Yes,18
DEL00329,SUP-004,Ontario Fresh Produce,Raw Ingredients,2024-10,2024-10-25,2024-10-20,13,No,6,7520,196,2.62,Yes,10
DEL00331,SUP-004,Ontario Fresh Produce,Raw Ingredients,2024-10,2024-10-25,2024-10-20,9,No,9,3093,99,3.23,No,10
DEL00332,SUP-004,Ontario Fresh Produce,Raw Ingredients,2024-10,2024-10-25,2024-10-22,12,Yes,0,7550,444,5.89,No,10
DEL00397,SUP-005,Westcoast Oils Inc.,Raw Ingredients,2024-10,2024-10-25,2024-10-23,6,Yes,0,4019,52,1.29,Yes,9
DEL00540,SUP-007,Rocky Mountain Spices,Additives,2024-10,2024-10-25,2024-10-20,8,Yes,0,857,9,1.09,Yes,7
DEL00241,SUP-003,Great Lakes Dairy Supply,Raw Ingredients,2024-10,2024-10-26,2024-10-24,7,Yes,0,4862,95,1.96,Yes,12
DEL00401,SUP-005,Westcoast Oils Inc.,Raw Ingredients,2024-10,2024-10-26,2024-10-26,7,Yes,0,3719,39,1.06,Yes,9
DEL00761,SUP-010,EcoBox Solutions,Packaging,2024-10,2024-10-26,2024-10-25,15,Yes,0,1282,35,2.74,Yes,6
DEL00400,SUP-005,Westcoast Oils Inc.,Raw Ingredients,2024-10,2024-10-27,2024-10-24,8,Yes,0,7816,67,0.87,Yes,9
DEL00614,SUP-008,Atlantic Seafood Supply,Raw Ingredients,2024-10,2024-10-27,2024-10-22,11,Yes,0,994,76,7.7,Yes,7
DEL00690,SUP-009,Northern Flavours Ltd.,Additives,2024-10,2024-10-27,2024-10-27,9,Yes,0,2258,36,1.61,Yes,9
DEL00151,SUP-002,Maple Packaging Ltd.,Packaging,2024-10,2024-10-28,2024-10-24,17,Yes,0,7737,491,6.35,Yes,14
DEL00479,SUP-006,ClearSeal Packaging,Packaging,2024-10,2024-10-28,2024-10-24,5,Yes,0,7512,238,3.18,Yes,8
DEL00620,SUP-008,Atlantic Seafood Supply,Raw Ingredients,2024-10,2024-10-28,2024-10-27,10,Yes,0,2949,192,6.51,Yes,7
DEL00071,SUP-001,Prairie Grain Co.,Raw Ingredients,2024-11,2024-11-01,2024-10-29,7,Yes,0,3581,24,0.68,Yes,18
DEL00249,SUP-003,Great Lakes Dairy Supply,Raw Ingredients,2024-11,2024-11-01,2024-10-27,4,Yes,0,835,17,2.15,Yes,12
DEL00622,SUP-008,Atlantic Seafood Supply,Raw Ingredients,2024-11,2024-11-01,2024-11-01,10,Yes,0,1951,88,4.52,Yes,7
DEL00335,SUP-004,Ontario Fresh Produce,Raw Ingredients,2024-11,2024-11-02,2024-10-30,12,No,3,5838,124,2.13,Yes,10
DEL00692,SUP-009,Northern Flavours Ltd.,Additives,2024-11,2024-11-02,2024-10-30,12,No,11,1833,39,2.16,Yes,9
DEL00546,SUP-007,Rocky Mountain Spices,Additives,2024-11,2024-11-03,2024-10-30,6,No,5,7396,62,0.85,Yes,7
DEL00156,SUP-002,Maple Packaging Ltd.,Packaging,2024-11,2024-11-04,2024-11-04,20,Yes,0,2645,155,5.9,Yes,14
DEL00545,SUP-007,Rocky Mountain Spices,Additives,2024-11,2024-11-04,2024-11-03,7,No,11,571,5,0.9,Yes,7
DEL00334,SUP-004,Ontario Fresh Produce,Raw Ingredients,2024-11,2024-11-05,2024-11-02,13,Yes,0,1232,46,3.78,No,10
DEL00768,SUP-010,EcoBox Solutions,Packaging,2024-11,2024-11-05,2024-11-05,11,Yes,0,6935,205,2.96,Yes,6
DEL00073,SUP-001,Prairie Grain Co.,Raw Ingredients,2024-11,2024-11-07,2024-11-02,6,Yes,0,3745,26,0.71,Yes,18
DEL00691,SUP-009,Northern Flavours Ltd.,Additives,2024-11,2024-11-07,2024-11-04,12,Yes,0,3240,82,2.55,Yes,9
DEL00697,SUP-009,Northern Flavours Ltd.,Additives,2024-11,2024-11-07,2024-11-06,12,Yes,0,2939,31,1.07,Yes,9
DEL00769,SUP-010,EcoBox Solutions,Packaging,2024-11,2024-11-07,2024-11-04,9,Yes,0,1298,23,1.79,Yes,6
DEL00338,SUP-004,Ontario Fresh Produce,Raw Ingredients,2024-11,2024-11-08,2024-11-04,27,No,10,1410,51,3.68,No,10
DEL00405,SUP-005,Westcoast Oils Inc.,Raw Ingredients,2024-11,2024-11-08,2024-11-08,10,Yes,0,537,5,1.11,Yes,9
DEL00547,SUP-007,Rocky Mountain Spices,Additives,2024-11,2024-11-09,2024-11-04,7,Yes,0,4387,28,0.64,Yes,7
DEL00625,SUP-008,Atlantic Seafood Supply,Raw Ingredients,2024-11,2024-11-09,2024-11-07,19,Yes,0,6157,239,3.88,Yes,7
DEL00767,SUP-010,EcoBox Solutions,Packaging,2024-11,2024-11-09,2024-11-04,14,Yes,0,610,5,0.89,Yes,6
DEL00404,SUP-005,Westcoast Oils Inc.,Raw Ingredients,2024-11,2024-11-10,2024-11-06,6,Yes,0,2171,17,0.79,Yes,9
DEL00694,SUP-009,Northern Flavours Ltd.,Additives,2024-11,2024-11-10,2024-11-06,10,Yes,0,6392,86,1.36,Yes,9
DEL00766,SUP-010,EcoBox Solutions,Packaging,2024-11,2024-11-11,2024-11-08,10,Yes,0,1003,8,0.81,Yes,6
DEL00070,SUP-001,Prairie Grain Co.,Raw Ingredients,2024-11,2024-11-14,2024-11-12,7,Yes,0,3233,27,0.86,Yes,18
DEL00403,SUP-005,Westcoast Oils Inc.,Raw Ingredients,2024-11,2024-11-14,2024-11-11,7,Yes,0,2644,12,0.49,Yes,9
DEL00250,SUP-003,Great Lakes Dairy Supply,Raw Ingredients,2024-11,2024-11-16,2024-11-15,12,Yes,0,4821,102,2.13,Yes,12
DEL00337,SUP-004,Ontario Fresh Produce,Raw Ingredients,2024-11,2024-11-16,2024-11-12,14,Yes,0,2744,88,3.23,Yes,10
DEL00480,SUP-006,ClearSeal Packaging,Packaging,2024-11,2024-11-16,2024-11-13,9,Yes,0,1028,32,3.21,Yes,8
DEL00248,SUP-003,Great Lakes Dairy Supply,Raw Ingredients,2024-11,2024-11-17,2024-11-12,8,Yes,0,1351,38,2.87,Yes,12
DEL00542,SUP-007,Rocky Mountain Spices,Additives,2024-11,2024-11-17,2024-11-14,7,Yes,0,6815,80,1.18,Yes,7
DEL00624,SUP-008,Atlantic Seafood Supply,Raw Ingredients,2024-11,2024-11-17,2024-11-16,20,Yes,0,3844,159,4.15,Yes,7
DEL00696,SUP-009,Northern Flavours Ltd.,Additives,2024-11,2024-11-18,2024-11-15,9,No,1,3314,57,1.73,Yes,9
DEL00623,SUP-008,Atlantic Seafood Supply,Raw Ingredients,2024-11,2024-11-19,2024-11-17,16,Yes,0,3949,184,4.67,Yes,7
DEL00072,SUP-001,Prairie Grain Co.,Raw Ingredients,2024-11,2024-11-20,2024-11-17,7,Yes,0,1063,13,1.24,Yes,18
DEL00251,SUP-003,Great Lakes Dairy Supply,Raw Ingredients,2024-11,2024-11-20,2024-11-15,7,Yes,0,7223,167,2.32,Yes,12
DEL00483,SUP-006,ClearSeal Packaging,Packaging,2024-11,2024-11-20,2024-11-20,8,No,1,5709,156,2.74,Yes,8
DEL00765,SUP-010,EcoBox Solutions,Packaging,2024-11,2024-11-20,2024-11-20,11,Yes,0,2265,34,1.53,Yes,6
DEL00154,SUP-002,Maple Packaging Ltd.,Packaging,2024-11,2024-11-21,2024-11-18,22,Yes,0,5575,324,5.83,Yes,14
DEL00155,SUP-002,Maple Packaging Ltd.,Packaging,2024-11,2024-11-21,2024-11-18,16,No,1,5831,194,3.34,Yes,14
DEL00693,SUP-009,Northern Flavours Ltd.,Additives,2024-11,2024-11-21,2024-11-21,12,Yes,0,3328,88,2.67,Yes,9
DEL00484,SUP-006,ClearSeal Packaging,Packaging,2024-11,2024-11-22,2024-11-21,14,Yes,0,6188,206,3.34,Yes,8
DEL00336,SUP-004,Ontario Fresh Produce,Raw Ingredients,2024-11,2024-11-23,2024-11-23,20,Yes,0,2150,126,5.89,Yes,10
DEL00481,SUP-006,ClearSeal Packaging,Packaging,2024-11,2024-11-24,2024-11-22,10,Yes,0,2540,57,2.25,Yes,8
DEL00074,SUP-001,Prairie Grain Co.,Raw Ingredients,2024-11,2024-11-25,2024-11-24,8,Yes,0,1845,19,1.03,Yes,18
DEL00544,SUP-007,Rocky Mountain Spices,Additives,2024-11,2024-11-25,2024-11-20,7,Yes,0,6975,83,1.19,Yes,7
DEL00695,SUP-009,Northern Flavours Ltd.,Additives,2024-11,2024-11-25,2024-11-23,8,No,2,5880,100,1.71,Yes,9
DEL00402,SUP-005,Westcoast Oils Inc.,Raw Ingredients,2024-11,2024-11-26,2024-11-21,6,Yes,0,2136,17,0.82,Yes,9
DEL00543,SUP-007,Rocky Mountain Spices,Additives,2024-11,2024-11-27,2024-11-23,7,No,12,4804,17,0.36,Yes,7
DEL00157,SUP-002,Maple Packaging Ltd.,Packaging,2024-11,2024-11-28,2024-11-26,7,Yes,0,4488,304,6.77,Yes,14
DEL00482,SUP-006,ClearSeal Packaging,Packaging,2024-11,2024-11-28,2024-11-28,15,No,4,1872,44,2.37,Yes,8
DEL00764,SUP-010,EcoBox Solutions,Packaging,2024-11,2024-11-28,2024-11-27,9,Yes,0,1440,40,2.81,Yes,6
DEL00159,SUP-002,Maple Packaging Ltd.,Packaging,2024-12,2024-12-02,2024-12-01,17,No,10,1273,61,4.82,Yes,14
DEL00341,SUP-004,Ontario Fresh Produce,Raw Ingredients,2024-12,2024-12-02,2024-12-02,15,Yes,0,6532,426,6.53,Yes,10
DEL00409,SUP-005,Westcoast Oils Inc.,Raw Ingredients,2024-12,2024-12-02,2024-11-30,6,Yes,0,1364,6,0.46,Yes,9
DEL00162,SUP-002,Maple Packaging Ltd.,Packaging,2024-12,2024-12-03,2024-11-28,9,No,5,3147,207,6.6,Yes,14
DEL00256,SUP-003,Great Lakes Dairy Supply,Raw Ingredients,2024-12,2024-12-03,2024-12-03,12,No,4,7103,181,2.56,Yes,12
DEL00630,SUP-008,Atlantic Seafood Supply,Raw Ingredients,2024-12,2024-12-04,2024-11-29,21,Yes,0,3454,118,3.42,Yes,7
DEL00633,SUP-008,Atlantic Seafood Supply,Raw Ingredients,2024-12,2024-12-04,2024-12-04,14,Yes,0,6537,272,4.16,No,7
DEL00770,SUP-010,EcoBox Solutions,Packaging,2024-12,2024-12-04,2024-11-30,14,No,6,984,39,3.96,Yes,6
DEL00076,SUP-001,Prairie Grain Co.,Raw Ingredients,2024-12,2024-12-05,2024-12-05,7,Yes,0,2467,23,0.96,Yes,18
DEL00160,SUP-002,Maple Packaging Ltd.,Packaging,2024-12,2024-12-05,2024-12-04,12,No,12,6214,272,4.39,No,14
DEL00255,SUP-003,Great Lakes Dairy Supply,Raw Ingredients,2024-12,2024-12-05,2024-12-04,10,Yes,0,4276,83,1.95,Yes,12
DEL00699,SUP-009,Northern Flavours Ltd.,Additives,2024-12,2024-12-05,2024-12-02,6,Yes,0,4556,148,3.25,Yes,9
DEL00339,SUP-004,Ontario Fresh Produce,Raw Ingredients,2024-12,2024-12-06,2024-12-05,18,Yes,0,3248,215,6.64,Yes,10
DEL00078,SUP-001,Prairie Grain Co.,Raw Ingredients,2024-12,2024-12-07,2024-12-06,6,Yes,0,6724,50,0.76,Yes,18
DEL00252,SUP-003,Great Lakes Dairy Supply,Raw Ingredients,2024-12,2024-12-07,2024-12-04,8,Yes,0,6139,133,2.18,Yes,12
DEL00340,SUP-004,Ontario Fresh Produce,Raw Ingredients,2024-12,2024-12-07,2024-12-02,15,Yes,0,4459,243,5.47,Yes,10
DEL00342,SUP-004,Ontario Fresh Produce,Raw Ingredients,2024-12,2024-12-07,2024-12-05,14,Yes,0,6426,365,5.7,Yes,10
DEL00407,SUP-005,Westcoast Oils Inc.,Raw Ingredients,2024-12,2024-12-07,2024-12-03,9,Yes,0,3176,34,1.07,Yes,9
DEL00487,SUP-006,ClearSeal Packaging,Packaging,2024-12,2024-12-07,2024-12-03,11,Yes,0,5881,173,2.96,Yes,8
DEL00411,SUP-005,Westcoast Oils Inc.,Raw Ingredients,2024-12,2024-12-08,2024-12-05,7,Yes,0,6720,49,0.73,Yes,9
DEL00626,SUP-008,Atlantic Seafood Supply,Raw Ingredients,2024-12,2024-12-08,2024-12-06,15,Yes,0,6626,363,5.49,Yes,7
DEL00080,SUP-001,Prairie Grain Co.,Raw Ingredients,2024-12,2024-12-09,2024-12-09,8,Yes,0,5684,78,1.39,Yes,18
DEL00258,SUP-003,Great Lakes Dairy Supply,Raw Ingredients,2024-12,2024-12-09,2024-12-04,10,Yes,0,7225,240,3.33,Yes,12
DEL00772,SUP-010,EcoBox Solutions,Packaging,2024-12,2024-12-09,2024-12-06,7,Yes,0,888,26,2.96,Yes,6
DEL00082,SUP-001,Prairie Grain Co.,Raw Ingredients,2024-12,2024-12-10,2024-12-10,6,Yes,0,7094,63,0.9,Yes,18
DEL00077,SUP-001,Prairie Grain Co.,Raw Ingredients,2024-12,2024-12-11,2024-12-06,6,Yes,0,7954,44,0.56,Yes,18
DEL00406,SUP-005,Westcoast Oils Inc.,Raw Ingredients,2024-12,2024-12-11,2024-12-07,7,Yes,0,4720,39,0.83,Yes,9
DEL00489,SUP-006,ClearSeal Packaging,Packaging,2024-12,2024-12-11,2024-12-07,11,Yes,0,5573,160,2.87,Yes,8
DEL00628,SUP-008,Atlantic Seafood Supply,Raw Ingredients,2024-12,2024-12-11,2024-12-10,12,Yes,0,938,40,4.36,Yes,7
DEL00079,SUP-001,Prairie Grain Co.,Raw Ingredients,2024-12,2024-12-13,2024-12-13,6,Yes,0,7957,66,0.84,Yes,18
DEL00075,SUP-001,Prairie Grain Co.,Raw Ingredients,2024-12,2024-12-14,2024-12-10,7,Yes,0,6523,29,0.45,Yes,18
DEL00161,SUP-002,Maple Packaging Ltd.,Packaging,2024-12,2024-12-14,2024-12-12,17,Yes,0,1523,52,3.42,Yes,14
DEL00486,SUP-006,ClearSeal Packaging,Packaging,2024-12,2024-12-14,2024-12-10,8,Yes,0,4181,71,1.7,Yes,8
DEL00629,SUP-008,Atlantic Seafood Supply,Raw Ingredients,2024-12,2024-12-14,2024-12-13,19,Yes,0,812,46,5.7,No,7
DEL00343,SUP-004,Ontario Fresh Produce,Raw Ingredients,2024-12,2024-12-15,2024-12-11,18,Yes,0,5744,149,2.6,No,10
DEL00549,SUP-007,Rocky Mountain Spices,Additives,2024-12,2024-12-15,2024-12-11,7,Yes,0,6914,41,0.59,Yes,7
DEL00631,SUP-008,Atlantic Seafood Supply,Raw Ingredients,2024-12,2024-12-15,2024-12-11,14,Yes,0,3512,149,4.27,Yes,7
DEL00774,SUP-010,EcoBox Solutions,Packaging,2024-12,2024-12-15,2024-12-15,8,Yes,0,5931,149,2.52,Yes,6
DEL00163,SUP-002,Maple Packaging Ltd.,Packaging,2024-12,2024-12-17,2024-12-17,19,Yes,0,1101,50,4.54,No,14
DEL00488,SUP-006,ClearSeal Packaging,Packaging,2024-12,2024-12-17,2024-12-13,12,Yes,0,7789,96,1.24,Yes,8
DEL00627,SUP-008,Atlantic Seafood Supply,Raw Ingredients,2024-12,2024-12-17,2024-12-12,18,Yes,0,5653,393,6.96,No,7
DEL00083,SUP-001,Prairie Grain Co.,Raw Ingredients,2024-12,2024-12-18,2024-12-17,7,Yes,0,7533,71,0.95,Yes,18
DEL00771,SUP-010,EcoBox Solutions,Packaging,2024-12,2024-12-18,2024-12-15,11,Yes,0,4157,167,4.02,Yes,6
DEL00253,SUP-003,Great Lakes Dairy Supply,Raw Ingredients,2024-12,2024-12-19,2024-12-18,11,Yes,0,3739,38,1.04,Yes,12
DEL00254,SUP-003,Great Lakes Dairy Supply,Raw Ingredients,2024-12,2024-12-19,2024-12-17,10,Yes,0,6603,243,3.7,Yes,12
DEL00257,SUP-003,Great Lakes Dairy Supply,Raw Ingredients,2024-12,2024-12-20,2024-12-17,8,Yes,0,3741,89,2.4,Yes,12
DEL00412,SUP-005,Westcoast Oils Inc.,Raw Ingredients,2024-12,2024-12-20,2024-12-16,7,Yes,0,4402,32,0.73,No,9
DEL00635,SUP-008,Atlantic Seafood Supply,Raw Ingredients,2024-12,2024-12-21,2024-12-17,17,Yes,0,5556,185,3.33,Yes,7
DEL00701,SUP-009,Northern Flavours Ltd.,Additives,2024-12,2024-12-21,2024-12-20,10,Yes,0,1729,49,2.89,Yes,9
DEL00698,SUP-009,Northern Flavours Ltd.,Additives,2024-12,2024-12-22,2024-12-21,8,Yes,0,3544,83,2.37,Yes,9
DEL00632,SUP-008,Atlantic Seafood Supply,Raw Ingredients,2024-12,2024-12-23,2024-12-18,20,Yes,0,7089,232,3.28,Yes,7
DEL00081,SUP-001,Prairie Grain Co.,Raw Ingredients,2024-12,2024-12-24,2024-12-23,6,Yes,0,3165,27,0.87,Yes,18
DEL00548,SUP-007,Rocky Mountain Spices,Additives,2024-12,2024-12-24,2024-12-21,8,Yes,0,1388,6,0.47,Yes,7
DEL00700,SUP-009,Northern Flavours Ltd.,Additives,2024-12,2024-12-24,2024-12-24,12,Yes,0,3277,81,2.48,Yes,9
DEL00410,SUP-005,Westcoast Oils Inc.,Raw Ingredients,2024-12,2024-12-25,2024-12-23,7,Yes,0,5116,41,0.8,Yes,9
DEL00634,SUP-008,Atlantic Seafood Supply,Raw Ingredients,2024-12,2024-12-26,2024-12-26,7,Yes,0,6383,393,6.16,Yes,7
DEL00773,SUP-010,EcoBox Solutions,Packaging,2024-12,2024-12-26,2024-12-23,10,Yes,0,6167,197,3.2,Yes,6
DEL00344,SUP-004,Ontario Fresh Produce,Raw Ingredients,2024-12,2024-12-27,2024-12-24,21,Yes,0,4360,166,3.83,Yes,10
DEL00408,SUP-005,Westcoast Oils Inc.,Raw Ingredients,2024-12,2024-12-27,2024-12-27,7,Yes,0,6020,40,0.68,Yes,9
DEL00550,SUP-007,Rocky Mountain Spices,Additives,2024-12,2024-12-27,2024-12-26,6,Yes,0,3781,35,0.95,Yes,7
DEL00552,SUP-007,Rocky Mountain Spices,Additives,2024-12,2024-12-27,2024-12-23,7,Yes,0,1943,7,0.39,Yes,7
DEL00158,SUP-002,Maple Packaging Ltd.,Packaging,2024-12,2024-12-28,2024-12-25,10,Yes,0,3832,246,6.44,No,14
DEL00485,SUP-006,ClearSeal Packaging,Packaging,2024-12,2024-12-28,2024-12-28,9,Yes,0,4049,37,0.93,Yes,8
DEL00490,SUP-006,ClearSeal Packaging,Packaging,2024-12,2024-12-28,2024-12-28,13,No,3,7843,116,1.49,Yes,8
DEL00551,SUP-007,Rocky Mountain Spices,Additives,2024-12,2024-12-28,2024-12-28,9,Yes,0,6536,46,0.71,Yes,7
